Bloque,Hash de transacción,Valor,Dirección del remitente
17616416,0x4f2c7cfe85f5593256ca0c34a8ec90a338c2ad2d5b6cc7fac371707a7772e52e,0,0x4b42064b1E24eE42341d0FE06629184E349A703C
17616416,0x3d8b003163ac4426aa6cb6df1dd9d4382c553f43540eaa0740eaeb140614a78b,1322220000000000000,0xe74133A5C86dE660d81C47fFc114f7aD19908f83
17616416,0x15d02a4aa50c6273dbf54d8550b155271a7b8602e44677c12ed829406635cd65,0,0xe74133A5C86dE660d81C47fFc114f7aD19908f83
17616416,0x83e12d0eb08ad59b6284683b1cd8dde65e97806789b0a9edab2393c6d0634267,120000000000000000,0xC56680E890dC25401510E077ed2a0E074FD0a38B
17616416,0x2dc2b89f49d3913f766b33564222b84b439262758643c54f8e3d290579c3fdb7,120000000000000000,0xcDB63DAbfCc64D35F487ab5Fd8c60FE32eeEd818
17616416,0x1deaca8be88152424505c7116dfb394b0a131b230100c71a8b8dea70952aa44e,120000000000000000,0x53f23E7feb2824076Fbd65d97D30Ea8adDA197CB
17616416,0x8d6602684e633fb2492cf3618b42bbd22997d39ebaa1ecbb6ed63b24992447e6,120000000000000000,0xa3F8bf1038b300fF3102597BFdE30BB59d388b21
17616416,0x91d5c6b20a6bf3a3589519f10e57ad32c5f675ac4f079e885de1e75992343f5f,120000000000000000,0xD7A7F575df17894b2d46cc6bEf16B5aDC44684C3
17616416,0x66152a943fb2f2ced962f27b72a7324883857e71f1c23660c6b91b96958ddd09,120000000000000000,0x23Fba81eB3347C3fDaba1d5A1D5B1F523aE22d71
17616416,0xd604701b1236a251f79dd6e3f63238ed3dfb2c348e3a28cf492321b96635a9d7,120000000000000000,0xcEB92C815643A55c42b2eE2eeb6D1a8eE35Ef847
17616416,0xd988a3a73e2ed27de0e59eb07af564b6506db023f5e4d998526825bfb7aa07c5,120000000000000000,0x73E2f11EC9EA9EfDCC6230fF15957723aD1EbD52
17616416,0x21b4429f0aee73564111fe3d0e714f5307e8f9705fcf0d8aca7faa78f7cae3f7,120000000000000000,0x3377a3a94402cEccF16Dd074E99cBc176112ddc9
17616416,0x500d003e88e7b3231eeeed14edff218bfa19ca098689223f183f3e446cdf6c88,120000000000000000,0xCfcC712A825045EB49DFE11D65FD0fA4356df6fB
17616416,0xa93865bdd587023ffa8e09af6b834746a3c0cde40895098e6f8df679cb374407,120000000000000000,0x1088C067843b9c1c43bbB63682f6047079D94Bc9
17616416,0x83fd849e57ced9c9c9bda122f953ad23d6d9409fe71a3c3bae3d98711e7d2d44,120000000000000000,0x1a67E76399019B70F460824D0C892eAFce20CC96
17616416,0xab462aea4883221e9fbd896acef46c4546a6b727c5f7889adb6b74b4f08d112b,120000000000000000,0xb0818aea46f16FEB5348D45BD73D4640Ba504192
17616416,0xaae11913d7c961021788667ee37e0de6a843b3e0376c826d4d25cd5923df6b56,120000000000000000,0xe2b70C1B1DF3596bd301f02255814D80CcCc3726
17616416,0xf3a1471b2db72f30c8d293e76f4b9067346db0d42b5b48eb76e70adeead8a763,120000000000000000,0x8cb992a11e5Af75678fc5c8Df4791Da6D00B828B
17616416,0x9f8d7d26c826b92599ac684c23c761da388f9c476b085d2d90b025849cedc3ce,120000000000000000,0xb6022974cb911968c91e6ca2f089CB402E511623
17616416,0xb646289ba2da6ae122d4d366bf59407150381f8022b3905319d55ca929a35277,120000000000000000,0xB06d953A1978FA884C203AA223bB888e2c2DE074
17616416,0xed3aedccd8f90f21e994a1e721afa685bbfbde92356be35785d8a3f0bce071e1,120000000000000000,0x245d46E327fA6C305CCbc83C8A6909e3Ef96b6e5
17616416,0xdd482de89671b1ccfdd5f891d6188e0ab088fcf32fd6998f48f695d1352e025f,120000000000000000,0xE87a4d3807caaf2cb18557a23Dc615F51775e064
17616416,0xc39e8b04b5db254f752131b325eb7acd0505551d52106e4d70b7eb8f9903e911,120000000000000000,0xF68A8f6362673F86169DF50436a440af1226548c
17616416,0xb2501f9789dd25bdc1a12121dc17bc363915215870d8722ec38858c8bf327ae4,200000000000000000,0x440F297844455A3B34f7E6E3feDF613B1CAF8410
17616416,0xa9f5d5f15cfd3b8e58d827dc495398646cd0c1a5cbaadf761a2c8e8b532673cf,0,0x42cB5F6dDebCd9036cC354b2dd75eB15dF02d239
17616416,0x2d23a12bbc38c5b5a7c8ecb741e431fdce1f5ac862c5cce970f4873a8cbfbde2,70000000000000000,0xBae11a70638944Db8B86f47fdEB4FED2FdD0A55d
17616416,0x474b19223535c2cad88b181973276db4253ee2155336af92606c9e097a6a0d7a,70000000000000000,0x2D9532fFc705f5B7D4Bf6d9b92a28d79AF84EcAB
17616416,0xc2dfaa939c9bd254d396409f66e735746f2d9e62f5388cb296dcef568c226a0b,70000000000000000,0xB98c6dC89c4960d51B1f200D8f7f555a40e2aC2b
17616416,0x95e47703a2fc2639d5b4c4223aba970f75867ee7df50f2b293c56be92379d6bc,70000000000000000,0x8b6779CeCB05d5Eb081F1e5466BC976389f0216a
17616416,0x81c36245c8922de320f1b587677bdbe76b9dc348d6c5a90737c87c6b96926429,70000000000000000,0x946cF0ffDe63df175A331Fcfe7D5C2f9428c1240
17616416,0x6d0ab4086ac5f47034d9322bff8082ecb76f0437936c0046235306f06da17e99,70000000000000000,0x490B4b71a22bA0DF5b57C5423c188d3571392A3A
17616416,0xbf2ab6f909395cc02e98f37ecd43c27ee9b4a73a7292ddc885cf6ff647cdf55d,70000000000000000,0x8c07Fc7Dfd9917Ad205Ae512271Bb1511dd4AE30
17616416,0x18d60638d11f7288c7c860cc7c1dd7daf991e23873de0b7b745fd006953f2b95,70000000000000000,0x7505a36209d9e4b3D2F19c7F182d56241005F952
17616416,0xceb1eb41b02f8ed8a97ea158a7861ac75cf29f787f4b00f2b5e55c93670e9b59,70000000000000000,0xE49059f2e04b137965b59951fAC7213ceAE99C31
17616416,0x2002e31f51b6aa996e3a15bc053cd8e5bec023406f306928cb5a62b06e82bf40,70000000000000000,0x5884eA4519F32590581Be69D5f07893Fc5Cef155
17616416,0xece10f7f59d9173ffc610cb71f78c83fcd49db6ba41e674478e7c75ddea6614f,110000000000000000,0xfb11e203Cb1B457e68732CDF69926196e14965DF
17616416,0x13f0276c4417ffe5e04ebf683d9085ecdc25e15e4fdd1894d235b195ddeb3408,140000000000000000,0xC0808746298283454CE7998Aff5a623646B53903
17616416,0xbb1290b273bc1e444a7b356f00601f9ee187951ab664d96e392b3ca746bebea7,140000000000000000,0xDEADb4FBC9D4Ca8a3694B2aec29a56c1DA5dA8Be
17616416,0x718e5cf88df4aef4cd2b0124f829ebc53b30976845d1bec95da470eb5d39b791,140000000000000000,0x9C8f9e52D31CA3c5C94104BaB2bB80B6ec2EbC7c
17616416,0x4333fa935686ab038881546981081a085b647e636c74193df86184994435faf6,140000000000000000,0xeC255ABF6Af746F3237550840DeBA019B2dCD95c
17616416,0x77cf9594e08ec8626cb0c6d75c28b81fd6315470b0770dbc5284283ee88b67c6,140000000000000000,0x7e6b92f18FB7f7Bd1deFE0B109cF93086c2D02f3
17616416,0x9c8ee3cdeaafa19cdef7398e6c6135af3b8619cd484f8cea3e43d7333b17e40f,93238967820694900,0x690B9A9E9aa1C9dB991C7721a92d351Db4FaC990
17616416,0x61e37aeb3175c8cfc73934b8bf0b1de20557ef6919a1a15b70182616f585e9de,200000000000000000,0xe0Cc7EC59CdBC3D7C82164C8ff4f57B76d422065
17616416,0x757ed20eebad0b18798566ec8a34d0f3df7d0679e3402dc37e133304044a6636,21670115081688130,0xAcC350E7C66acF5c3030C23f4158d6Ac55B3aC63
17616416,0xa2155685844346245b3ccb972a76bc54460eff4c40efc18c5a98d919bac03e08,50000000000000000,0x55C3223DCccB0B8EE5d075C3ee2D9260a2c0Bdce
17616416,0x4bbb45a9af4f959ec0ff65642c50e52bff08eb2a3561d98c9847ca611f9ae3e7,629578601,0xae2Fc483527B8EF99EB5D9B44875F005ba1FaE13
17616416,0x4304679ec84ca5996d1571ecec747c943dde4c5893bf91e03b6f18ac23810a91,5720679264446483387,0x7DAF36b02586e7a30118e1648B36346194490B64
17616416,0xbd22d176e89e68c9c2cb164d714d2185842b797658448cb12dbf12b66713cd40,632398440,0xae2Fc483527B8EF99EB5D9B44875F005ba1FaE13
17616416,0x636a894368503318fc733c89d923cce4dca8e3ecc03ec4068d7fc72ba93034d3,9594726562500000,0x09a038CAF28065F086dD3457a0651DEF5bae9Aa6
17616416,0xaab60820d0765eda1266fba04587a48abcac2f43b009b7123cb9f63551445994,50000000000000000,0x10fc2baa28f260BbEcb4492e7adAb9DD3c278870
17616416,0xc00545dd17039c772892f83d4a9f8bb4b11e3e8611e461ed13a2db086c47279c,100000000000000000,0x974FF459154E9a7EC1E722338abCb2385AE68d36
17616416,0xd781a23b4333ecbd2b189a20f6ef3fda2f7d02a2ea926216d1e0656f5362dab5,450000000000000000,0x4e81Fb2B4a7C5FC279Fc2086b3322BB3dc3C12b6
17616416,0x5f224f2cca8ac053a529e5cc9aa85e0c639558cca0e05d136a313b32d091d8ec,50000000000000000,0x0F87D6C83066a530163Eec821e499791324ce4a9
17616416,0xcd1a95a26701252e0ef8e62c5140e0d6c6931f16728eb02bb284b718baaa561a,9594726562500000,0x71E759c4124B9A1dF7611537E27d8552f72c4e9B
17616416,0x666d807e79afbade9da64649a4eb0f47371d563a059ecf5e008445e89a3248b2,9594726562500000,0x3653FEf88ef76fDeF371945dD2534847fce19d58
17616416,0xc97a22b7f2d4e1a337fffbee701fa6061ebfb41b6351231096c08abbb2bcee83,9594726562500000,0x321e5C2B14a88da4ea7d4e21Dffeb8B261C24F61
17616416,0x750d76437e474e547ff84f90e0ae9a905fe46bfae304ddc5157ef344b48e9cfa,0,0x11D37E8d787A6AC86Db7AC83937c711EcD10A381
17616416,0xee20005052739d43dd743b531dc0c5c5234ff6c18d9776cdd25b603e85affec0,0,0x75e89d5979E4f6Fba9F97c104c2F0AFB3F1dcB88
17616416,0x5b72671916cc0ce662389c1883029883ad66d50faada97df8ab583d61fa16b0a,0,0xf4b4e6fCD0CFb6E3d70821c136b9c5aA0E0936f2
17616416,0xe4aa6960a56d5ed9f04d991d149418530edc0506facf34bad55f86c58d698264,0,0x10aA9582A44432886b6E87CC7937Ea91b4A1f3eC
17616416,0x5c89fc1b67df7428cb78ff75a1af2fa318a3465c761258c531a5f02d217fdb0d,0,0xbe2c1479B24ffF0B3b69B37A3fb99a737F46B0da
17616416,0xc0bacd4352566fb5f90e1319c05b368fe71a9657680fe73670bfed45f97b7810,0,0x819232cc173ddC8C860C1072217f18a1E7aC1B27
17616416,0xf65d8389afe4d74b55030c8195437e2d55db67746ff7ee3b499ec2e52e16942a,0,0x518038a3b923cFD27b112841B465Ed2DB71d3e7B
17616416,0xa42c8f8afd1dd8c4fb9bdd4f6735fa177f00896fcca0603e434da584ea903206,0,0x9d3F56186CE4bA86214AE9127e07491f2449D698
17616416,0x863b61bab827fdc9fea5f0a11d3817ccc4dfa64d07fa05b81c82cf71eff7d26f,0,0x2d3B5be5bAD2fCb8611E60717c237118274383b9
17616416,0xde9357ebee5b02651a8ab1bd69aa243944bf2f65ecfc0b011f4311277a533958,0,0xA332D44573Ad844361C11227Fa94A45AACC6AbA1
17616416,0x90dc2b602151e6b67407da778bf845794ab64dea5708bbf01623caaf0d1e8c9c,19688240917354820,0xcB1ada11B21fE066dCB91A12cb8195fAfA50420b
17616416,0xefe941b92964011af4681f82e7432083d7d34a2573ad8926d9ccecabecd176a0,21670115081688130,0x2c339B8AD2147c2F63cFF0f5b6e144810c2B1119
17616416,0x6c4448b1108aa25d9ab8ee51eb62c2ba7873409684796a8d57d84e82e318ac36,10000000000000000,0x9231A5Cc6d6626B8CA90DFd0A5265d7949741321
17616416,0x846ac8b0518d581a8047ebd4e088cc9be92d4526e8bd3b23fe6a7b0d085f3bf6,100000000000000000,0x5b34060e83b2A6efC3343B71a1400CA6C9C11638
17616416,0xf8ead13a4a06d44a83411304053b9cae0d4e1405ffaccc48621ab8c912474724,0,0xeFFc5C176400C2c7d7C443363CAB0D82851a7bAB
17616416,0xfa313fe2414e08797fd0bf08e4cec30f63635155ecb17a0f1e03bff9fdf23fc8,100000000000000000,0x5C0d54aaA979D0C8845aFeF6D64b344058082719
17616416,0x53850858c3134fbe4a9303adfa8c02984ff1b5975dde49f9e3a7c6f3ea0640ee,50000000000000000,0xEA16bD34C4aCc25c66460B806c4e540fD8dAD52a
17616416,0x44109bee55f1c3c27bf3a4c1737438a7aec7ad8805eb3386ee3e662cf45df680,100000000000000000,0xB909df4A7c2b3c3482a2BBbfC446181712E2Ac2b
17616416,0x9c0c92655d4159855bd76ca247dc57e7dfa1d97a758a47aef6301414709d5ea1,100000000000000000,0xA55b44E76FfF90570C4CE7473DA9b4B10Bca9214
17616416,0xc5f59d67402e95e414c1322264f79f9ffd1916ea52467653589bb4cce65c00cb,90000000000000000,0x8b957f6c2fDaD9e5df707f55281dC88d7475E7cf
17616416,0x2fc3249ff68f6e7215e7ad0f675325fc6de0c201404ffb93b453b0f57ea086aa,90000000000000000,0x994ada8c5Ec558B922d8AF68F31D960682637A49
17616416,0xdbd20964372cbe94c7c47f9d60187ec8fc4fea8d584b5ae922423a12c07debee,14431470735366945,0x65136afa441E51A2389E5f928Cb54D7f9F955853
17616416,0x4c6ffe68b4fb72a18cacd12e18c800203e5baf26e515639710682bf3d174ba71,14431470735366945,0xa0e75b5f57cC5658CEbADF28CCeCaa27faE9bdA1
17616416,0xaf8eaa0231333f7e957d085f42df28531da86a226a7b9541b372c739a1a756ba,90000000000000000,0xDe39407Ac4E26d8bd6c3904a559bCbEA53777777
17616416,0x1e7a3d6b57874c2d6ad2646fbd7c4965beff4b22ebdc0c618c7ce88334ec379f,80000000000000000,0x6e43DAd4f899Ed021Ec8A5803F0302be833554E6
17616416,0x55f0a1881aed0952cd9bcd0f39e1f3f053f1eefb440cfb016457334c0a644731,80000000000000000,0x33051147b37C0C30f82b9d10e86ccC694F177da6
17616416,0x283428feeab89b1d6089649a48ac55a690e94ea36b7dfdf1a7a9d20bdb787dd5,0,0x69405C1D1834ADFcb452eA2384be734c7aFC3f75
17616416,0x7297d8257ff20e8087edab489883d0fb0e0b77971b35f854dc71a45537111476,200000000000000000,0xA8CFeA1AA0b45ca82bc3BaAa1371890999117964
17616416,0x457429da84953cc6b283a409fd52f1e9ceb1caffdaa55df143aed69f5f4f7df4,0,0xCf8f10D80a9F76c51369f7B1D3423299c75AAC51
17616416,0x47d08102713e62587f1d9b776a6a63691e48fb45044f916d5fa29670ff1452cd,80000000000000000,0xea07d7fECE93648804B24eCE1Ca7e7098e69EdC6
17616416,0xfcac6f9ce9b6f87a910740768b425bb8090fff3679d9460932ed1fb7e11b227a,80000000000000000,0x423f5c35CC154230B5f2252a386141104E4CC802
17616416,0xba9d981f0046870635c0ac96c578645cd206bc70d7c9364b4981b9cb7357be2a,50000000000000000,0x6BAb79c0DE95F43e8Ea61C242b36cBC832C82804
17616416,0x39c416838e3116dc697d293e85b6c4fc9d81506388bfcca7a8b59bf71c218ce4,19371101658210664,0x80E6f933B0A94123B311CcBBaE0df9500F26eB2B
17616416,0x623a3c7797e079e9a7c0e495c5b5f9cd03bdc37af8cd26ad8a8031a7a6bf12b6,19371101658210664,0x6b5F6604121684AFC72D37FA019F9602f6140Db6
17616416,0x80649454cd985de3ef43e35740faaddaccadf803f83278d82921fa8dbd44dbaa,19371101658210664,0xdfa9D3314140dC1694D00f4775ca041A8E6A17a3
17616416,0x3ccb10b65d60c857411dcfa9d6f023dd9a779e1560b5d2b2be281c93edd64f27,19371101658210664,0xF8be8b69B250c4060Be1472efaFBE6b61F036c49
17616416,0x6f80423d4a0e1a38e6bd158402066bd48f9f2d9a5dbc1ce2577e34d443293a76,19371101658210664,0xce77458Ca648D55447138508E3878f1B632ade67
17616416,0x4260fa9d76167ffd2936c394dde55abe63c7969ea5c58544d38e62e1ea51e121,106541059120158652,0xe8248d06769F6d83CAB2626994762Db4e975310a
17616416,0x2950ea938ca15f95887c87cafcbe444847eed5b170d5413652f3734a3c470103,106541059120158652,0x7d96377245a4f94eB4B681D7FB45eAaEfC22f07e
17616416,0x2b98512cecad5cf1faa17645919f47f5c5d03b4315b57929ed59fd1081bb179c,108000000000000016,0x49bDCd1CE46253C497C03BD8fAAC986eA63E11Fc
17616416,0x054dcee90b61b3a511e49fee1f5f77c5a1fbb24ae7dbd7977206e93b750a56cd,9594726562500000,0xeB8702e6c2D0569bC60D1c4245Dc171139EF93A5
17616416,0xc776f360144a1e989da1e6da94a9e6ce6ee0511ee31726b0d32fefe96f729aa7,80000000000000000,0x6d47860A230c24397e1Ae3E1D5A8c502d0d95F68
17616416,0x7766c4c50e1b105754f6b9a27144459eaab61096146cb597d1f1e309844f5dd9,80000000000000000,0x244f5ee0A22B65F59863f51456AB8eD89231b722
17616416,0x318969dce0b80943919e4b5a59d93e775bd0c6883492112412570be2ba7cbca0,80000000000000000,0x67BfD3378BDDEB8A53507dd2d18664dDcDE861EC
17616416,0x882ab27f9015af7b2a36d257094f8a394529ac3631f259efeb90ea09dc785990,80000000000000000,0x51EC7030977050BcB9B59c9038599B8e9ddbba66
17616416,0x2f2cb5c2754c6e613f7eb46b3efe6a8fb28880f171921dc2f70b493a636b688e,105165711113368642,0x45D6AcDA81684a60Ab7deEf3e11a986E1fD13588
17616416,0x1d89bde7917b25836392d4e284bb703bcbc3bf1a1e0f170a394bd5d21b01360f,100000000000000000,0x696d61Ab6779C30bF65699d6662EA7396CBc7780
17616416,0x1afb521890b1fd6f797c58ca38468f1cbaa21a92ef95a6dd299d9d25cf1c19dc,150000000000000000,0x65f2ed55f5d267F22bF444e5a73d7b19fAf112D7
17616416,0x3bae3bfcc41895f4af5ef9d54fb6bfa8959dc12caf9f0f1e4b20a9228eebc499,150000000000000000,0x8899E36Cb10B339f4823EC48bdF310909Da9f99F
17616416,0x82122bc6acc2afe49e79c0372a1a254f397ac6b2181be6404b91e708f9efa096,150000000000000000,0x5f974f23459ee5007bBfCc3eD0658443f1671d6c
17616416,0x6a916fef235bd9e4f1d82b58ff4a1505de1fd043482763fa6af0cd9f038b2b04,150000000000000000,0x24A2D881b82f5ADC0D3Fa458A41AfAB7eca69AE3
17616416,0xe18159b36a02f6d0b089c4393542630fd57b9d8f4df8a2bf4a23352ff6098c4f,150000000000000000,0xd795eb0248a093634b5b247F793512cEf1d4caA6
17616416,0xa4fe6b611c48fe60a8faae7f79722864bb891ff4a1218de50d776ccd257812ca,107325868656553327,0x19f0413DFee997D184B985Ce0B3D8c10010fA5b7
17616416,0xaa95bd515a5ffd61c7db7ec9bcd7e2d4b24868544b155df8e119531cdabbfba5,9594726562500000,0xFfaCff638Feb7CB05eF2C98289227025bc78506c
17616416,0x3b45f747a935af1f43e468605c0276248697baa32f8ffc62117c4b19feed938e,107325868656553327,0x70d1E6E3425B16fC140a3f0A79c70e51Ade5eE1C
17616416,0xbe4f7b594794ff84b6646836d6e46697480b866000bb01157cb94b5bde121e6d,50000000000000000,0xcE67D0272e405ceB932Bda08A0AF3c070Ce2A224
17616416,0x9252d3c4db69a35c038decb103c3aabecc2a9bdfcbbe35ac25d974240748fd53,0,0x7bd0ee7b6cfbA99362d34D5c37A5a5E9126999B0
17616416,0x2a4d03e127f99e910726a0d38566d1bdc8345929c49e6cafd91a6f33c5bce4df,33055000000000000,0xc35fB86F962ea955751a793a007B5CDd44F798D7
17616416,0x228c826e376e0e51f1b9375f08a0a03608bab06d14d570a40ebe77958348ae85,0,0xD966E120cD304503c41786A12Cd09753747F5a59
17616416,0xecbad43c88b0fc897d2346e2c383858922f6283e6c05ccb7912c87533a230717,88000000000000000,0x9E82D9f020621Ec32954468E45D7936D0e3735ba
17616416,0xcdde8a641a284451645ee0dcc8a66b49c98d0f430e4c174222ffcb7f330249b1,88000000000000000,0xFFFd1cA8E32A6ffB32452Aa8C69543c73c48ad4a
17616416,0x96849e5b2729986ebaf10a07a4bef9c7926cb4c6731b96a0e2aaada0b23937e4,88000000000000000,0xe322a1060b9862e36C027992cCA4BFd5934A5c98
17616416,0xb5083836c588a0a90844d1352a3e1dcb0a0c189b213b2da1071058200a46caf5,88000000000000000,0x6Ce8AED577a67Abd39481E5EB79b9138F0167b4A
17616416,0x39bbf655ab79afe58f5eb49bac1af6ea7d75f29849c27ac511fca242ea9ba402,88000000000000000,0x09C507d5be713b03a8729328120304d23c6192BD
17616416,0xb41582297daeed42576b7596e1ab47b571679f33e5ba0b0f0187e216a6b89897,90000000000000000,0xD6241Ab9287f37bf95c64D79d45c161C8A4f6B31
17616416,0x1f015f0b512517c104448f9d9ce64c18224730829a3bc06ea5534955a786af83,90000000000000000,0xA8Fe3342Fe9De9ab65d78f3AF9e7CFB9A1bCBcB1
17616416,0x41e9bc1e226938e1c93ad57f350b3b3a367af1aacea5c410694a4aa2e2e97293,90000000000000000,0x6059e384d5e9E1B31741412d31961102afc01710
17616416,0x2026bf35705a6d6272edb5a53748d0864474445f409819fa0634ca7ecbda2a1e,90000000000000000,0xa1C72887E98ba3ed2e52bDD79f7340C8eC97F5F0
17616416,0x1e0fcd5f0cb01e3189d1bcfa95dc203140d7e540f620ab780c66c0ae023c4acd,30000000000000000,0x5E11E1cB80d8D2b4b539fBcFB13460E282912f12
17616416,0x1960ae7f7ad85cdb0ea0d7847b6c3cb37b995a25b8144f754c761e85e3a69ffa,21670115081688130,0xAB26b2d47C6F2cCd179D8fa9fA7F596daCD99a21
17616416,0x075a597b9d1f747ca83ce67c181825b4ad05e2d5bc9c338d60f142daaf901c83,50000000000000000,0x8aaCf0F3d40938e12fB4FFf7193eF952A8849dA2
17616416,0x7828ac924a5d4d33769505e82f43b99bc815c6fc83942a1f0e8f10d82a8f4713,9594726562500000,0xB06D694B184E46213299BDa258A312EAf2010824
17616416,0x1ca00e1d5242b3a99a56c52b7d917d4aabba1d6b5c8d3ce96d5c146fda6828ee,50000000000000000,0x4a03F4CEde4fF8de7B8538960dcDCdB61F8Ff8B0
17616416,0xf070c3acd2bb29e4af0c74a49c65339a52916693cceca16f6d9aeeafb4efb4af,0,0xFE7093647f87cf25Da566510515E67eD377c417F
17616416,0xbc6b194781d2cb98f5955ce5b090c510ad75e723bf6eabe345ec5534e6be537e,3852534231613675000,0x613ceBD3CCdF3531c693D3132f84304e1c1e1374
17616416,0xe0b28316edaeed6108c2ada90f52ff367b9136c481bd4a9597410cdac4a798ec,88000000000000000,0xb122F4576Ff98e5Cf00a24b05CA1f8596728F745
17616416,0xf1c57f87381eae6819a5714e7a50a6e06454fc77f43ac06a4180427b4ada456f,88000000000000000,0x0a9E010fB22bcDb681424479CeBFe4788f41A13B
17616416,0x10a99faeb2a781650d7fbe57e614cecaf31b2d30992128dac9abed189cc1d9e5,19513794301191514,0xb34aFeb1fbbAaDB98e69E2A26da319295C5230FB
17616416,0xad49c23f66d721f4ab5a930dc3f1bfba7e3ab226a9de5993f945f32000af86b6,88000000000000000,0xd746D43FF503A991Df485fd9582db0E98dA64Bb8
17616416,0x3f4ca462bffa7dda38e055b9184f76d0b87ffd3854ff561800ac0e04fa8c492b,88000000000000000,0xE6e29BD639128e3B3351A526d8046eF68C2Cbb28
17616416,0x33e3197788dc1ae68b9904d690c39c698ae838b1f0cbb2e1fe1f6fad9dc0a170,88000000000000000,0x4bC4218f4244315584D315786E4503F2EB4b5645
17616416,0xf5a24a8f76ac9b0dc48346bf02ac1ab43865ef318f50c2c6250d36fc2c60985f,88000000000000000,0x6F5a59a7c9F04E8FC2c28DF507d2af6B7C25F409
17616416,0x698e5a06a012cfdbdbca1b1bf6495565cad0696897fc1a81fee3866ca8893c39,21670115081688130,0xf8875b62827E02Ab1AEc132e48BE7DAb1BB55f88
17616416,0xe187252be142930f766d1ceef15ad8c7a58a1768d0fb3a7f9af0e22228ff8a3b,0,0x75044803F8254b4790a6f13a025A3e4251e6474d
17616416,0x2916f767a337e5d0de9cb2ce51cf182704e80be9e68311751748a75b5192fc35,127736107420956880,0xbf0061b12E0d12b01E2bDa40dF51b12e9B5C8358
17616416,0x78de69566081281ffb953c0f7cbde01c13c83ba3d2e58a3593a3579a4b7d1177,0,0xBBd018a45b40bb699dF47c7BCA87623810a2534b
17616416,0x8ab660991a0d63bff1f6a6accc31ce28cf2b9f383347288c64cc2de3c0afb2e3,20000000000000000,0xbC0345469802Ad358182C243C054031c8738a989
17616416,0xb5913bbf7f61c159d86f5f1610919032a5511cb4c13e3427de6d11e90d803b4b,50000000000000000,0xB653E9c946B254d76aD9009FE7a47Fc0aE1a22B7
17616416,0xb24f31153319e8461de2f80f3146477317118b06db24dbbca9300b042bcb57ec,10000000000000000000,0xc8bcCD08157A19620bce494f571FB5A4894E3237
17616416,0xb401f799831c55a2749184ff22529427d34009dd3a9d9f91fe045ce3ef51dccf,1987414251878925,0x4FE76E4918C6D067de1ce294120172555AEe3425
17616416,0x679f1ee8b7cdd900a82dedac598ac77b9a4a519fbd7178ab23e2dbc7495c9348,4439566356438205,0x8E354CEdb4dc20616a4483A30Cd752D648A40cAa
17616416,0xd9c18800f306d4a3c2006b143ab4a2574676ede41f19e35330ef72ffce318ce1,0,0x0000553F880fFA3728b290e04E819053A3590000
17616416,0x0b5232c7d9988386d8c7ba5ec270a9089f8a7300518af60cc2d5d28344b81585,50000000000000000,0xf300c6Aa87C9aFeBf06d7ec3497F22413C477eDb
17616416,0xc22f4b13562a8ff23f71334ca33e4cddcaf469e45d980930c281e170cd7b0f46,0,0x5424e18f64b0295e62352546D27fee9e9C5DD87B
17616416,0xad68114353d704379de309fbe8680643f8195c78a4f039b0e5efcf48acaa584d,510245740000000000,0x6c1cDEac8889D303209C09fDab03729a4b03AA45
17616416,0xcf9c8c828c5aa126732eb57a24ab2579178ddfdae9d727f5fdf27de6373666b4,0,0x1e7BED8640B521E74CEDEacf74c7Cca093507ECd
17616416,0x8c214e778e4d58a0602485a5931c1192e31252cd6c2ce0af3bb4a63fb7cf8fd5,0,0xa55Dba9cA8B5a93Bb33E39016Bb219CD55473f6F
17616416,0xd641e1ffb31fdf18cb4ef24c5ebc48525f5fe8d4de41e562d8f84dd027a51e4e,7999647686741738000,0x923d2886baF24662DCB75FF89832163EBCf680cC
17616416,0xf77edcf03cd32835ef78f4d434c3936b14a28ff79c20dcd87952927316e4a04a,40348561405872006,0x94896eb39E4Bf61513283cc054058Cde06821C97
17616416,0xf059bd8183a2696fbd63468d81ddf979ebeaeb1c4e3a04dff679285df7940d4e,999651376623997000,0xaCa4fAce31192F074849F47Bd1d9e939B12f2C71
17616416,0xf14cc137f2f0620ee61e2a8f07c02c44490c87ea9a9f8235048facf66759cfbf,0,0x6009676113B17c10905550Dca6851f1f00096e2f
17616416,0x0d662fe582fd0668c69b653f42af6e29a190384ca02ee86cbe9155806facbf8a,0,0xe93685f3bBA03016F02bD1828BaDD6195988D950
17616416,0xa6212c21fcd9d99caff15f1afd041a25ef183545181c321661d379261ed5e901,0,0x2E02Cf930374DfE0fca6aB2e0Ae9af498F0eEb5F
17616416,0x1ba5371006f9acefab48689ef14dda3f153237591ec3cfe22cdbcbde402dde37,50000000000000000,0x5A9343cC5D654113559D1367d1089AFF2b487318
17616416,0x7c78dec52dfe71c927e0204e5f9f0b6367bd6eeda25020646c5823266275086f,0,0x96823F4977c67fBd33622efC7F2864A97FcEf3fe
17616416,0x4e93a6a8db3af405344f1d16296ee7732c79219ccf479a6235c80d17d2c299f7,0,0x8Df38E245801da169Cbd2d553157Add6BBF497Cb
17616416,0x76a54d99212327d5e15b8d3aebf9f66d908359c2d6bafa85e1017a3c53a21490,0,0xDe39407Ac4E26d8bd6c3904a559bCbEA53777777
17616416,0x41370a7052ae3e223194be775886e51c75f0e24f7b4e4dfaa8a872f863313e2f,0,0x994ada8c5Ec558B922d8AF68F31D960682637A49
17616416,0x4052815f7b3a65351c0ac955eebfc9f2ddade841eed9cb1cb0e32e2ee8b408f5,0,0x8b957f6c2fDaD9e5df707f55281dC88d7475E7cf
17616416,0x48d0f14891f02ffa16c347d4a7e9cd949738f7054f538e187977d49e0ee341ec,7328682377504048,0x1B39C1dA369276Fc35606EF092e728bc5F361765
17616416,0xc1c8ddfd4c702567228d8f2ada74104eb1ee768d5fab6fca2b59d25072280c89,25300000000000000,0x151B381058f91cF871E7eA1eE83c45326F61e96D
17616416,0x1b8da54beaa2a864353b4fd4f7f9f803a4e020132d17767fa59b7d4d785c2391,19298731736170452,0x2cEcfC3d583E978944649CaAD67C437672bA09d6
17616416,0xd4c16d07ddc61d4355b827e3e204fed47e93e8db88069f5b016f2b35a451668b,0,0x38454717C6AE1EA8F735316c3997144CE7E0a86B
17616416,0x2ad1cc5923376010be247ac8596e7d38828f82b1980b064391976ad36a96e50b,0,0xd55bfa416bD4d5BEd4bA84Fa7be6C4507De07C00
17616416,0x9fedb75547e54f01a14974c4caaf3316e21ba22aa91ccd94b81096c9621ae62c,15000000000000000,0x15ecE0d7de25436bCfcF3D62A9085Ddc7838aeE9
17616416,0x9e5214124c5116136cb1b9febb4abfe9a33c3167a99593038d15f5ce5a926985,0,0x0f59E78a6BE6F513c78af5Be5AeB8e6EDE9B3802
17616416,0x9d8a1203a8c1b2025c92702321522ecd04650c0abbd37a88da4847bf944aff1c,1973896480754727,0x7CEa135F9E31B2fE2e2FC486d474661ec39A4933
17616416,0x9e84a44ba1d4f9eca6d118e0026aba747ad848094cbd7278f11113f79420decc,0,0x015802FB93E33b6ba191410e0aEeAD00eFC57133
17616416,0x36755ba0a26982dd6bf9d980be540d903956204d0d88b5a7a2c46debeb689761,0,0x989a69a3E608483aE3f6fb21E2874F5C8Fb98697
17616416,0xd86690501c3c1723f274af23e89f518d4c484b14526f4dc4799f2fa22e4b0e99,9911711730000000000,0x66B8AC233bB883F08C155d6fBEDf3E1EA271e8D0
17616416,0x1cfbe8ff4109fd0c81d6ca08f4b8470156e53f0d6ec55e2221493151c9abd21a,2652957320000000000,0x66EA376FC56956fE23B542E811D2bC57E0E1d399
17616416,0x9e0c5d06f8093086d3e36ee1cbee96a5bf9cb3c16aab16dd7fcc69f52a4d4c6c,764178067775400000,0x56e1B2aa590eB732Ec2E776e4cd4bFf55CA0fa0C
17616416,0x18980fbbbfdfc1485bd9409455e3ce38399fae7c826a8bc99141aa5c0e6c4b3d,9485000000000000000,0xa06E281Dd9Ae42955f9C9CC23be8179DBCAc275b
17616416,0x9769ca61ff297abf76e31ff6da97cf50ebf7c67fd843935342899dad6cda94a9,1838232193801583732,0xaE15610DdB8DEE25c5e7ed5249130039E2083a4d
17616416,0x8ec0ecb7ad9429998b2c2f2075a7968ef657fd2e36f15558146b4ae944b65ca9,1850036115825118000,0xD62Bf445B59b888b7D3AF26D7Eb13e514fE35Ca0
17616416,0x8bb4d917c56d453819cdb6bdd22a04a5ec7363f51bf80d88bded352a49d5309a,892268748891294124,0x78dB94b68741DD5B979242c9B3a8e8296Bb15b29
17616416,0xbb83fa5c17d202d3e2cf2e5ed5753c3084e2f0bacc28bb67c9ab070f41fe360e,585967166558614000,0xfc1EF0c1E7787FB4F5667b35bdC8f2176ac7De1E
17616416,0x77bd6a0f1a56707b75e27ee2cac92dcb94a4271cd4e51089287d65750d72ab20,1538809120400324999,0x898F11E7360EC1aA7EC9fd8eB00A8dD42cc45B18
17616416,0x562d1d86400787a4778c8c50e888b8d1d84ece63a91195a9471081826a44a35e,609254371252066000,0xBe7dcaFfc4eE6fe7dF32a0249abD9D5755f55bd7
17616416,0xcc8a0f5032dceaa76dccd2e8d297613e20ed5abb222a2db453423c7c424763ec,5005079196686379817,0x5a138e2Dca22b0D5166286de79Dd6E01327c7779
17616416,0x1b94ecbedcec28db80b0f228b94e4645703800412b699f456e7e0d15a4c24e9a,1957029317144850000,0x7aC1EF2470AAB0c216AdEfe5651dFbd9E5380cCC
17616416,0x23122dcd632a6049a8c228c8d8b621d1e6c8a3ba632351196d214bd3b3b4024d,644666893099476600,0xf0C8F0557c655d6A1C805609D63Ed9D37A55Ab51
17616416,0xce7cfd2ee657a52c8818abf6a1b8ef83d45e2bbd499195bcafc5c452253d6d32,825000000000000000,0x6e0dE99e30181BecFec8bea3786Dec797d555747
17616416,0x3291172c17d436caffcd8ab1f17c7dbc844aeb435abac4cebdee07f92b1e5b62,1099679670306365000,0x3c15CE95933ac16e81379Ec7560f92b6c90fa512
17616416,0x21cb9ca001775fa9ef7b467f80e9d4457d89482a43cb8f93bbacc138c542dc9c,1199232296746452000,0x9B2e7F62edd1313eafB0b9ad2053f8E372039582
17616416,0xde093288d4ed51c7dfdb60bcadbdb71e207f5535dd19a6d5461fb1ac5c2fb784,9351437246048614377,0x25fe3D7Bc3e089B5457B36F328Da238617a936B7
17616416,0x2311ee732a4bd3fa922a0b62d5bc2e91e6131218a24a6e73482e05986278bc12,0,0x64BeDf2e6fEC6E56A54b239bEC742697Ced51194
17616416,0x7b1ce88e58ffe5308affb810ded9bb2def71fa8f72be06399287549fe2367582,885908626770322605,0x9521a50af51452E658Ea1Ef8573EE8CB4E6E1576
17616416,0xa2f6334b1cef9780fc5310a72131df3c9dc8951a456955dbebaeff44bd8b082f,1499663583843105000,0xc82A0C9A484456840619A8De69d093Dd777E01BB
17616416,0xb137b16eaf1a3605a2f97d2c6d0451988268c96f62a38c56157ee62cc2e5efd2,0,0x904c9CABf3eC1DD84d4D7fC404a68b46236a1a86
17616416,0x3cf626e067acf685f3c969e2c23d2d5e633f498a1cc795f2d16e8ba8c326fa6f,14028119027843792099,0x0FB7b84F5AfCa71267aB7bBeBB7FaF019AEEf0b6
17616416,0xab39e8b141b9b1706e046b8826acc221d0c8a2454068d247ca68c6a84dc89635,1219681767703856000,0xa8F7855D6DFac8d77Ddf55066f77CE23Eb9e16DA
17616416,0xc86cb3af0ca270a6e3f3223621d5f10ae70dee735698fe0e762a72658cab48eb,666081841026970935,0x69A723748Bb26fB0B503dfD2838422B42de79b0D
17616416,0x7555fe877b64b62c0a1dc8abc5c99c036e32527b95d8caea4ea0729f8af548e1,518114102300247000,0xb767e200e0b7b0E911D3242382A012E238efA709
17616416,0x270f17a57a73e73337e4827393bb696451fc8f8fa535d63e6a1fd9fbaa66b6c9,537659196927418000,0x855300cFC893521ce350271061118c6F79F8D26C
17616416,0xca63deeb6f3904759e7e1a23ac2fa4685f95de78b43fa6d1ce616bc712fe203f,1118762776516604000,0x08Af1148e0e5f33b6Fae65a30299b5F870d56Ff0
17616416,0xdc1f8bb67e46ab3dbe083f4ec0ece88c281c38e82aeb02d35e02cdb3b27e62fd,0,0xA116CD284C0414A660f3D05cAA8DF5AA0465Ab83
17616416,0xa082b7881155b5f9fdceeb05cf6b47cfd7b7ae5d731145d2c9c6326ba681f366,678458541764714000,0x41b4944B08f4f44f5D58099546c1418Ddc62C8e6
17616416,0x979602ab969dc13d1bd532e7939a0f57431e51ed0c2b03f9e7c2904d43956b30,4159972765457225000,0xe67FC443fa1D4927bD9611B8cF50745618b12a04
17616416,0x55b309e5e0d3eebf51c3667d60fb8f7057569b6b8484eb7562244a1b4ecb7cfa,0,0xFE9529b753b412941127Fea1981E5cE0A85C101E
17616416,0xaa7d9a2add57a02de75ac934ee8ebc9e6fb3da4424eabf14710b6c8b45dc527e,2083663455551755738,0x85aB03b3282D217f37a31b6bDd25010092608E88
17616416,0x06b101185fdfa0c552c77b611eaf089ea9c9a758456fe53cf5b29a322520ee64,959672765457225000,0xC793A85dc557cc30F5aD8936D49CFfE43DF84619
17616416,0xe23b76f0eb2fdf31c8307e03adc9d67e37125da72a62a24c37a00e40130f879e,1905002036312628000,0x4435f15623a89c95f59CfA62F5297E3F8f9b8eFb
17616416,0x9f40893a5c421805b77bebcb8d25c51183fcf617d5eb869eae5b9567ee85d938,0,0x8289101d48f0eE5C97c62790f6f5dAaf43bBCaA3
17616416,0x18c71eaebaf2a565a1fcc69613c7cc8bf1888ca7454fa8de5655b99bcf4c6b05,985000000000000000,0x090660060a42c6E4ADd533698198C3231a0EE7d2
17616416,0x04626511206c6bf05f6cdc7a87163b625444594e09c4c98826410aeaf217f0c8,3067305451155840674,0x57e19827486B9072c5502853f2C40C848b9456a0
17616416,0x12879d1907beabaef4528a589bb9e42dc30281e289981c8aefcbe9d9b09f6848,0,0x9677f672864521b13d959130a58Ba9ff77B55395
17616416,0xeedf406310c2db40e382c852aa0fd4c7c0bc81a370799505a3a094500f2c694e,1112458342744018157,0x7aD8C4A614265378fe8910Cd0136889bBb18e761
17616416,0xef5c1f894ca1a404b217727ecd890b0b180e6e651662cac80c2cff8847567a8f,1302108410528423127,0x64eA48FD4fa3a07aC454F86F8FCBd234D39a6185
17616416,0x5810521eb254ee7f5d75b8096d4f5309dde84e4af923b4234c8853efd1df08a5,907682190325484000,0xBA23C0812480423e1bffFa297BA7B0660e7b3f73
17616416,0x11b158d1259570802939bd2064f2e20577acae5dec38cc7d57681ea702d14124,0,0x9cbF4F44af403D19820db9291db539bCDf6256fF
17616416,0x6cdf405cfe6aeab21eb5080e48834674bb7b2f588a2f869040d17d997eb9183d,0,0x1BF7A9E3A364e7F5761345837f222cd93e230C4f
17616416,0x517f1e50536cb0f2ac62d8e732cbe3e721be050d79a15f74d29a70203212a2ff,0,0xA67c3EA2877140dD2274f7da79ceC336d8f4683B
17616416,0xf31232cf92ffae53a1b001010d000d9d0a053044b601ae76247685b55d2c3385,883952081239809595,0xa76FFEBA1b5c62550783559c25d0499e1dFFf6f7
17616416,0x76030925e30fa3ee74592424457427df1be777b490aa0dc34b381345a0a74b4c,729612394766446000,0x64D4Ffe02DADe93e794c67E75A08F78E199C2F45
17616416,0x7fc9642f93785f368e04ee7fe088d734df0969f3ca2c1c91b81840d5c13ca984,868068553181340933,0x2411E78060B016d95966552921563B2Bb30A0eC9
17616416,0xc36a21d8e5093bc78f6bce4b4abf616f98f261ebc85328948a3f05492f697f34,30100622494766446000,0x4801E920FA49E214220D1f00f03f9714B2F7123e
17616416,0x4d5d1fab194eb60074456aa1f43be16e649fe542903a302cf237a3aad473d0d6,0,0x878D367252B9d8C11b560d91D9D76865B143E1A1
17616416,0x68d8bb2d19f9b17806f91bf874e05c80b81103a1dca43aae8e854cef5a0c5d42,2255000000000000000,0x667ff3D065569dF160adf5Ae088d8B71cA94F1c9
17616416,0xff3068433829a87a7a371be9b94855c14f73c0c7845dc6309561782330c7ed2a,1185000000000000000,0x6B8C40Cff6b9A626BA49F3d3Df8034252A352aCF
17616416,0xb5a06665ffd92638064a29907a85233774a34c7441a64c23e3e09f2f68731c97,3199656206524814000,0x32f99B1EC03Da04B6769B3D0aA1C36F12dEb4039
17616416,0xbc3e8cf4ef60ffc3c1133290c44703dacdc6de48640b323fd186aaaa803666a6,0,0x69615892313f5A5768eE807D688cEd3d671baFA8
17616416,0xe82f639716286dcad9b63416fde9667e2df09164494dbc1227f9679291e18e54,4999672801017344000,0x37A4d087187672E1Dd938982db1992CF8e604454
17616416,0x9b869dc49eb718c592eaa23b0ee7e328ddf9a66e0017d8b062060e509016757b,0,0x31A2eE8B5e84B969eCF70d637016aE3B74cDFDDA
17616416,0xe2b717a7744d2a63f41fc923aa36c6d59ad81f779d6279f512fdb6d089cb0e7c,0,0x826c1bDd21007Ed2DbB8ACbdE23b7007542F04df
17616416,0x2da589a59790e89957df8e10258da13c06669f074649c94f63a86983d915ede2,0,0x8E8De721D12Ef364C3FCDEc42E9416aED4FE8bfd
17616416,0x6f2d388ebdc54779903d8fee496e2a188f39b7ae2f6167b8cce650859d1f17f8,1284262440000000000,0x433311e108AFc9bf2a9d68251cF0f90B97937864
17616416,0xfb26b468e73497c1a6c50c58172775eee91442e0d53b7fa2d20720e5dcdc9bfa,0,0x125f660239707C9De3462D3fa633F2723aD0b884
17616416,0xddd775999c1c5fa7a01160f8b51f1db1d8ac759caacd7c0fed11b8110fbb0c5f,515591276240833426,0x2e8a86F78dbfE9fBe80A252BC53036f0f12A8dE2
17616416,0x83ed0b87f4a4977b23df2e0725bbdca48dc54ff9fbbb7173fd7f25b4cc47b890,0,0x43658139E8B6917Cd5Dcdd6038dcB71a1239dBf1
17616416,0xf60e9e38c3b3510cc209881270079a73beddd2da4307e75a97d6c971897bff32,0,0xE69022e830428F5A52f1D154e09A57A4eD2995fe
17616416,0xd88d4fd08015ca85504ab1e400b5d9516af2a5d6a7faeca40ee260909ddf4a6e,2476024374126617000,0x755229B87cEc1d55c8b1Aa0c66C1be4D8136E8CF
17616416,0x7266400b5fa89166499be0461e5e53c50f841015fa1382c0048d2569bfa1d7d2,0,0x50048889A6a31fDc7F8179D81f7005201C51b40e
17616416,0xc7da9dbdf89085cbb397f0e6b3c38d1586ac1093e8a4824663bbd5e8a3213e17,984727000000000000,0x696fFb0527A41694aE8D2c04fb8d1e5645F719ef
17616416,0x2ac8fcf49e1195246750904d4bd502a7527661abf3e95dd712a1a5f336c7464c,0,0xeD0051422fc9784e5F370367199BD1A2828add39
17616416,0x76bf47d41d0f75c7b686f9a7ba9a0e061c8cc6aba21496368d7afce79508adf3,1715435739940846087,0x12c2e0A19D493C91b33aE1D05a32DE100f4D35D6
17616416,0x3adf1b7494ec5b677e1fd659191fe3506a7b6041ecd8516901aa7adbce5b5396,512676406966509000,0x1e0ddF2780250dE2e0a69c9cfcFf1FFd599fc9e0
17616416,0x6c7497bef1a43a6f19583a54529996e1b46b435942750000917811a741c27edf,0,0x20de6F762d5FcD3EFA7007B4D3c8b7635B7860B9
17616416,0x8450affdca8482882f6afbda24816b70e27983f147b859dee09b5908d9b4a22c,0,0x0eD262ef7bAb7B4fd5C32f6c5B006Db08B34162A
17616416,0x01b78e74af785a613183ce7849962578500894714dd2aab8e4aa324413ba7801,0,0x1eB7F0Db407028bef584C16Ef29cF0c77739bd99
17616416,0xa60a06b1150848fb52dc03a3f02c90c2e7db81e32ec7f35f6998d03ea7569c67,0,0x0724524696564705Bba2618664BCD7a50F0515C6
17616416,0x6672acf7c4ae00d0b3dc22951d02b17e8f43e305d09b938b5bc23736f4540037,0,0x436F5546C4098fCCa40c1F405213F44a8c9C03fc
17616416,0x125046e564448dc7ca9784584119e54527b00d3bdd883fa48b0e228b87659f32,0,0x61aB3d3637f27573bc5409f219cba6841e7bD18c
17616416,0x95ab321544f46b6a1cb6fc62a7247d3fa253258679a517ea9cdebb6b64e1c67e,0,0xddD989cB7Fb83d2bE28D50eBF612832B42C44BE6
17616416,0x4f04a3c91a3fa98a9741791fb703d0cd5b90772fd223cb6504ad941df0c83a6c,0,0x6503B6c8A1af4127134b3d2aDff807Be2aC6C9d7
17616416,0x7667000d1461f71dc0cf9015fbb26474202a16236e44ef8bb6fefd50ba39a468,0,0x95e63F78Bd2Fd5ea8a0D58182f3d998558881FDA
17616416,0x3d707fef67f7dc21ad97d84395beee033605e352a98e151fda9ed76948d331ab,0,0xeE7f2D8257Aa658c5895796f070e4046bA8Fb37e
17616416,0x0cd7dc0e813efadfd9ef0647dd434cf8dd98a96bfef30a9e87af16f7f5b0523d,1085000000000000000,0x46e10ec363196CF4d6919578A5da7581AF396fB9
17616416,0x67dc32073588fd62195431825b05766c2cf1e4acbf3ddd37b3b970377036faf5,0,0xEB2c3b020147F8d5E12465D99D51eA5b62De59db
17616416,0x12a509fc511f937bcb9015adc8fa22da4b37ae40fe261fe6048119d4a64b21f0,2657357103333026154,0x690B9A9E9aa1C9dB991C7721a92d351Db4FaC990
17616415,0xcbb0d97c0253d8b001746adf30a09049562ec74c01bc26ab8f055edfa0e5e310,0,0xC4893CB8a8D85321Ca62F213949E0bb0BD613681
17616415,0xfbf604becc5184333b568a221fab6400cd3ffcf8461738292730e36aed75fd35,25000000000000000,0xBBd018a45b40bb699dF47c7BCA87623810a2534b
17616415,0xd9a7461ba9785b07e8580feddf2f8b56a570e7223ff04c6a5ca4093b868b9601,50000000000000000,0x0e38fdD5E8A502f0ce1d30518aF8B09a1E30Ab3A
17616415,0x1c58308d708328c44e866db9adf744ef0b3177d1dec25be80ce7bf616924a129,500000000000000000,0x6d47860A230c24397e1Ae3E1D5A8c502d0d95F68
17616415,0xe2e02656a425a038ee1bd46f2b61411976d2dd6257dd05144f6afe2d16cf08f2,70000000000000008,0xD966E120cD304503c41786A12Cd09753747F5a59
17616415,0x4d00635034e208983b570834cb80dde1cac9798dbbd21284991fc8028d8bd25d,1040000000000000000,0x7b9d4D8772b8705dDc7456Daf821c3022DDa0504
17616415,0x983e9b4a8acbb7efea734df15261840a769abd83ce26c7fa2df2cf1ec9cf5999,0,0x7b9d4D8772b8705dDc7456Daf821c3022DDa0504
17616415,0xc35c0641926bed75113044654a3509c1de876aef7f77ddc850ffc6a9591be85c,1,0x7b9d4D8772b8705dDc7456Daf821c3022DDa0504
17616415,0x2a20c4af3022404af09d9754870708802ed58b379357950f0af634154bd07a9b,21322322433,0x111527f1386c6725a2F5986230f3060BDCAc041F
17616415,0x8250f4d15214e88e574d849b602e0dc8feb9258fc3e35efea5ce300e46b96940,0,0x5a87c6568fDddA6e2b891eC4118914D0C421aeF7
17616415,0x510e817ea3dfd6433fb8304092418fb53b276ff60103d99de6f6378f40762c91,18735253264,0x1110F5B97703D14AC3dE91bdcd12Cd4566ae48D5
17616415,0x98616be65bdbe21ba965c9d762bea8e4555ac06cd4bd8410e240f1f6b7d572d0,25558743934756907,0xC506aC9a060Ef8559C3c870e87dfD1895aBeC2F8
17616415,0xafc7128221da8d528824f0c572cdbd2844c81af373151202fe24a1d4257ba476,0,0x2642f0CACDAB8179E62429921CB8d285a28fF244
17616415,0xf0bbd72d24e1459a41ad8d92c5d42af3d0081ebf21bcb3f2b92af6407ca1751b,16100000000000000,0x151B381058f91cF871E7eA1eE83c45326F61e96D
17616415,0xff06e57595eb6d16beaaf85b8898867b331cd0333933463370af77e6a804d59d,0,0xAd77a4cf6CF08a1D71B8B109e4d79eAE464Fb229
17616415,0x6f242d6aeb99f303dbfe717888c71d8cebaccfdcdb64b93d882f6bb793b915fa,0,0x6f4ed41570942a9574375d023b219e54cBa40c5D
17616415,0x57c06d201e19d2c8b316318b71eddc2eb635585e68189fa240c977ea0217db5a,0,0xeCd090452c21bAf59B13b79625407F63c6b5c42B
17616415,0x55acfde89d76ccdc3a0eadee2c88632b6d5831055c076a642d1e78f32b2e9f46,35806000000000000,0x4976A4A02f38326660D17bf34b431dC6e2eb2327
17616415,0x561ac4687c11d22a47b8c4a38b88092a374cba861c268a423f0afcd88b4ea714,0,0x4E5B2e1dc63F6b91cb6Cd759936495434C7e972F
17616415,0x5eee019c42e28dad3a6ae02d00ebb60cfbdde672dd197e3c2e188c9fded00277,59236040000000000,0xA910f92ACdAf488fa6eF02174fb86208Ad7722ba
17616415,0x1939d4f6b61878296181b0c2abeaab2f297b332478e3bf6882099b1cd889eb62,22,0x8Df38E245801da169Cbd2d553157Add6BBF497Cb
17616415,0xfa687e9f2d4adaffa66107ab4dd73c1004af6dd078258106d806ba330974001f,0,0x4b4264b30ab75Ea8B070f8F7d9Abb263C2f0067B
17616415,0xc86c3f16841a53841d3fa6d5821e29dbc86704b80dbfd6e536ef8db9f1632eff,246958600000000000,0xcDd37Ada79F589c15bD4f8fD2083dc88E34A2af2
17616415,0xd38cf7f3f4fd2acc3f06083f9046146eec7a6bb2e36eb0f633ba123300228032,0,0xb15D57E844aAEad0E5b1b2B919344E4A52312084
17616415,0xbd54d6fb4e364b7773bd5fc1561f38449d516aacab945947e4af2899aae312cb,5341518731379917,0x0f94b8FB2ac5C83FE8b78ccd85C9502BEd74C5Fb
17616415,0x333ba0d7d16fc9b340636936ac2b4e2e7c92d312c482a2c3f1f27d30e8cf7706,57704604686500424,0x0c589b76ce8f63e16aD193A2c2dBE20EE2a7257a
17616415,0xb8325d0716725920e9447b4750e9ebe0fb7ab42760861ef3b7b90b32dc6cfef5,22001000000000000,0x46F507b64Ae79fa37c4c9e7AAba6d6392309Ef04
17616415,0x80e3bcaecad55282bdb64e7204c2fad86c1324c33aa72594525af19fe1b15e5b,0,0xf16E9B0D03470827A95CDfd0Cb8a8A3b46969B91
17616415,0x3d3b3dacd9ce49e0aa281dfbdbff58451d1c63fa128cd56bb6dadfea52b667d5,0,0xf16E9B0D03470827A95CDfd0Cb8a8A3b46969B91
17616415,0x342782d3e381ab92b0047c8623257d730cddb90aad38a8739ed33d8be7f236ad,0,0x26FD09c8B44AF53df38a9BAD41D5Abc55a1786AF
17616415,0x8d5fa43be7777cb387e061bce3f0ad8181520977deb2027a7a4fe569a657620a,0,0x5BA11d233849B0Bdf29eEC7addCCf8273E62Ae57
17616415,0x8949866e16d69c37fce9cf1b702010b7249d575668ac0f2f42668bdb92de1dcf,9094860000000000,0xDFd5293D8e347dFe59E90eFd55b2956a1343963d
17616415,0xa7275d4c5a65f28094f98eea9612d4ee61bf5732e29a25c1aa5ccbfb966e7b69,0,0xA7a80AAa356d529a97c92356a1b17bd24176b96B
17616415,0x5f78f221530bc74c19ea7bd4e35a88c9438c92ba865943b9c15eee393831da4b,18081368365585712,0xBb19aBa74b537C6E6603e021b813B3AD08De60B7
17616415,0x647fc4f5cc4ee1aa4abe52b1e102639f007205c82b751b617de7ac19f56fab2a,0,0xd5FBDa4C79F38920159fE5f22DF9655FDe292d47
17616415,0x8de514b1d99bbf0f119de901b749427f030e58c185e486e725a263e9a0ed07d2,0,0xb262F75dbBff55F14E2a50e2d9d751E213C81ED0
17616415,0x7c5a82fc724ba138fe8664c95b84da3b31be005ab5c11578f7ef150a7a0ccfdc,0,0xeC30d02f10353f8EFC9601371f56e808751f396F
17616415,0xb90f54a82b927af14c53e3213d756197d22a48af47178d4c58b258b3041d930e,0,0xeC30d02f10353f8EFC9601371f56e808751f396F
17616415,0x5c2e58d05e0097cc32af238ec43e413741d388e775de8cbb337b155ba952b49a,190423000000000000,0xcaD621da75a66c7A8f4FF86D30A2bF981Bfc8FdD
17616415,0x25d496a407a9922d3782496dac4fa6e55f0c5477bc7428b96bf35bf86389827f,0,0x2728D0FA57565e58dA5d291bb621E00887A50c73
17616415,0x110ffdf55405324620d5bdd6bd729316a6ed0e09e7d868530b052a28c007e831,10000000000000000,0x96823F4977c67fBd33622efC7F2864A97FcEf3fe
17616415,0x013568335eb0f8b9d4a0938f61021ab1abe6f995b0404473842602d0a5ccb863,77139600000000000,0x28C6c06298d514Db089934071355E5743bf21d60
17616415,0x8d652fa7aee0235ec67d736996c6782c2cc5176738fa61381d80f648c532bf6d,91000000000000000,0x6b6Fb84e20f69DF44Bb4f0dB8bAfb18dc08f0eFc
17616415,0x865d606e892e58534267602ff14c4d023df6417f0d80234587b47d71d88045ab,585278910000000000,0xd768587eedc9a4D6F4b9d97dD2A9E6Ff04c8fD31
17616415,0xb02c1c7de3785c8ac81056deb99f0eb609955a3d3628a35b6ebd1c9b87370284,9790000000000000,0x7BC7620D0D84ef434CFa527E0716Ae5716e24B02
17616415,0x133266e37a94943615c6734df319aea43c299de364f0d357212c71bdd6026bd8,0,0x98049ead2453492B89939F7d4c748D3e1613E478
17616415,0xeb375663073ca82e02e72b9c3cd0c08a66b423cb1e5ea9023e29fc3c196716dd,2697674000000000,0x2FbD0b915b3aB83e41106fb5570C0251333FE24F
17616415,0xe9965124f6771b884d6165c09e692395824a49f3ce3a92e9aa2c7bdbbe19d30f,2698010000000000,0x746aEAB3CF80e4da9E5BFbfC32198F4C423a4fcC
17616415,0x969da9efbba6e905ae3566c15e5d1e94065760b8ebe6075dd1feda8366ecf026,6682620000000000,0x595645629bC31eF9c318D0a7d6459A2081C2c2Fb
17616415,0x1ea61a0e87e0fb89ea746cf3f62c7eccdb22f06cf101e1b521a5ec9bd7490db6,24723740000000000,0x56Eddb7aa87536c09CCc2793473599fD21A8b17F
17616415,0x33c3d4cb04212c1b511637d906b446d561f9ea7775df65be4193fde8e4982681,25000000000000000,0x97972fA6D980aA9B93D1b584541055840302dE05
17616415,0xf33a01879b06b941da21dab465c0f40cb69c99c3a762fe677bcb13c4a1d64acf,0,0x48c04ed5691981C42154C6167398f95e8f38a7fF
17616415,0x285bf2728860f139bcc7b3be624cf6c3695240a05b0c1883be69a06843ff12e6,0,0xD94289d1293718961D20FAA51b4c4de0165649cf
17616415,0xd6749b28f27f8f139014d07220b89cf254de52879bb69a814aafa3fe0f20162d,0,0x48c04ed5691981C42154C6167398f95e8f38a7fF
17616415,0x178a6e9e1b57a8aeadd4203116f171655636a8165f59d8b1497a591906f81ddf,0,0x164a335C35B2115C280A834326A0F7329Db6a283
17616415,0xe99b62aace790dad4c78e0ec24d49c49a0bb661e648d1e3b8b962d1c9a789c93,0,0xd24400ae8BfEBb18cA49Be86258a3C749cf46853
17616415,0x4dde062945ea999e4cd276befdbcec72ce15f2341e302dc1443feff59cafa575,0,0x7D9529F046f2776D05788019F8Ae8E59C1ab82e9
17616415,0x5626da98226619739c61b1cfcbd9285522a86a319b5746c02713f9ddc7948ca3,0,0xFEeEb11c07B7433d97879aF66F9522547C6CAC13
17616415,0x573538c2b6ce646ce28c3f177ccaaf456378f0daae3cb4bcf08fa49370c13740,0,0x1A6350CA456317eCF239F212a1a6f71c0C05b937
17616415,0x355dbbab8d0d3ba4518032a55f6580f7c010b3fb260c13308cbaf927e182abf6,233159310257790,0xFFFD96379D50092Cf6b67443818B2d181cbEE91E
17616415,0x45c126f5146977ef7769131b8d38a66b406aca7fa519495dcd38a9d7101578f7,0,0x974CaA59e49682CdA0AD2bbe82983419A2ECC400
17616415,0x3f3e3789a56c181ea7c3c843ae78f428cbd71e301612a8c1400a0dda028099bd,108992880000000000,0x264bd8291fAE1D75DB2c5F573b07faA6715997B5
17616415,0x0af0bb1fbd10fdbfc077eb71702ab18d595b84fdda5766e87173fe166d0a2407,15256530000000000,0x264bd8291fAE1D75DB2c5F573b07faA6715997B5
17616415,0xf2f197cb7945891447916cc976db2aef173a15e7c7bf9ab3160d4787534fa767,50488000000000000,0x264bd8291fAE1D75DB2c5F573b07faA6715997B5
17616415,0x70291c93db9da0efd62b489b4d9bcad9f2a3351cbb31d8c431d6c67628791098,253910740000000000,0x264bd8291fAE1D75DB2c5F573b07faA6715997B5
17616415,0x55cf096e4d1da88f0c6ad8158f6677df552bb8298bb2debb7985be5bae7443a1,0,0x1197892Da49Db0749e6eA031EEa09B41C06B774D
17616415,0xf1f5411f5abfb3777889592468103c879e98f63b486ec36ea7d127f1395d6eab,319812520000000000,0xd71B9ab5dDaE97E7479DB4159F9F78EB1E10f5A6
17616415,0x2c36435f43aa710212beadd493dbddeb10e2526a90564bca87eb5c6b2d051f9d,0,0x21A0F52DAa934786A5EF80c34B9De8b94Fdc9822
17616415,0x0ceb0b1362f897d38f1fff5ef5fac8db970295cc8171223a40e7c0e833043b50,0,0xafffA2B4EC34B5178a36f5dd4EaAC8A23DE88ae0
17616415,0xdc62876588d859473d71fd5ca811426049d772cd05ab45f31b0b9081d7cdfa3b,0,0x1a135b9f383B08a9a53366dB9A38E45c8F3721Dc
17616415,0x48abae516cab177438d3ad5d0fb8928c3319e7756dd57941d289c970834c2a67,0,0xB7707b8e88241E77064725099113896bEd5c3Ed0
17616415,0x7fc3171316a52e7128f466d2e1ea1e89bd99d6c912bc83f49ec971460131f1af,0,0x26c160E1ed2B7b59EE27Cd8ce12C075536b98BD6
17616415,0xc9293feb91e7c7c4e59fb3b47b1ec8b66a6fc2bafefdbea0a24a56e5dc10af20,0,0x96caeFA5f58aa3a90845Acdc7B4d21FB48703333
17616415,0x6671e9473361a061cada354709df4e03fe5d4e4bd81e633b2c76579072562748,27217483336590800,0x9341065546F5a434eE80DBADe60137b5d8fF960a
17616415,0x13a3774ea030363628e9646617771e300ead3a93aae2a25697f909b266143e40,0,0xF4b71AEA25E384e49D1053Be2A234a53A6595599
17616415,0x50b0f23ed44a950b472fe7093bbb419236ff01cac6a92d737e08350538e6d3d5,15330140000000000,0x4F924e9Ef983aDd2c7F97dab412b640F605DD0B4
17616415,0x221d5dacf78bbe1ba21cd921783f8957be853fe9704d0eca4e8ac5f3d2046fa6,0,0xFE0c760CBcb9dA239b9bA805f0aEaED3Be84F65A
17616415,0x7671d36bfbed227fc7c7a2fa5f23d3f80fc40007fb0425c9c9f2c16ef7733c90,0,0xf60c2Ea62EDBfE808163751DD0d8693DCb30019c
17616415,0xf6da36dd5df9fb96004183c54f579fd7dd5480d053e50baf90e87961f8a0b2c9,0,0x8e73523cD040e923D295781BeF06FF5c756b9972
17616415,0x01dd70bc3b072ed4fdf4a767b00f434794ef7fb202ff0e2ea391475b6ecbb844,0,0x9179e2110965aC8D2Cb4e913515f0E42343D297a
17616415,0x801bf3c14a8d1ca6e9395adf068e9f5151d621c63f0b9260f8c90459c6cdb2c5,0,0x6e6908B8f93f7934552AE5E461671F7D7A76925f
17616415,0xc0f3c14dacb6700e919ab40fca35d55274810dd03aa1459885475d53f451cc28,5111660000000000,0x48DAEa8cD86A78FFFD6ef397E78425F823D68D0a
17616415,0x9fbd4a33c1943d746afdb9cabf3c500802d5e6e5867ed140f5578e3c1192db98,0,0x0Ed85Ce975BBcaB2a4fD71843F80B480Cd6eb8E5
17616415,0x6fee21282bb11e2c8a2558d547cedbb4880bfc0a6dbeb0d7b86b4b1db04f425d,510000000000000,0xe9eE1b6a6c0d1a4249cabE7EF144075D05F87e02
17616415,0xcb02790266fdcd22b089a12baf25fedc1d4b8696522a9cd0becc18d54c561469,6100000000000000,0xe1D9b916b9a6e4D86995ad3a41a2F930cBc0ed8E
17616415,0xb0b0c8debe188b555baa860e632ffc4763317762cc46e1b73c00d6ba8497e05c,800000000000000000,0x734bfbf9bF375711114383859EaB89bdFb23bD9C
17616415,0x76196f42024c4ec907c7846c01646e8d4ffc217abd7cdb1210f89a5ce3ea2658,0,0xE8D981e62CeB3dE21141A16134c4aE1d7bd5EbFA
17616415,0xb765dcb7b76f32fcc05fef33b9a3f19d89f61e79862cccaeef98c923f4f82803,0,0xF87606D2801ED3eB8EF30c853F211EfCCf7e31B6
17616415,0x875c6925a7735b59638cecefa1f9ec994461bbe5cec1eb2507b3e1f866e3abee,11300000000009003,0xB4E70bCC31a12abfe5d6BA59f4dEEe5222977ECC
17616415,0x04037597e6509e31a614e10232d0a8f286f969773047ff1684527853a5d04f21,0,0x38f56EB36a834Ac3231fd01cA5aeC35c9edE13f5
17616415,0xbe241f7e16651db7a1364a4b389a418c5a9b3435c1b8378285f36964f81d7dd9,10220000000000000,0x65C96e944F795F4c7b12CA88D629436c78Fd7927
17616415,0x307e60cb04103f7bacd3c70372aefe96c7ce7e48ea9987945c4787f25a7cfb41,0,0xacdaEEb57ff6886fC8e203B9Dd4C2b241DF89b7a
17616415,0x69fd05c961b2f1dbe763471d48b016a4c8ed658787da5c4527a894a2f7565980,7950000000000000000,0x2c2ed4b3876c442fee80BeE76Ce0eE2CA2A512AF
17616415,0xb1318029787c6932ba294bdd17c149621fc4e39c96474581224eb466b274d860,104000000000000000,0x5225492c819eCB570c663dAf7A09a6516788cF2e
17616415,0x58e0617d2e00909ebef990f2d0aa72dfa5d1cd0e06ee70f43c8c7994c550bd5c,31000000000000000,0x8A578f825E3Af5f3633C24d353b5B6929B19479E
17616415,0xa9463b281ef69da0b5e4c6e7384376b21583a7e721dd7e8f7a65f3ea5dab08ce,0,0xc334308d8B34428d91404D4AD937964e854ee7a5
17616415,0x4d4781434086f3155c119a4b6cd0885156ac8b89042fcfdf50e74a01a492ed16,0,0x720566E0e806238a3f2D0213fDF56bDF0EF0B5e2
17616415,0xfc3c4828b7f7002b04af278a5eaf20df99bb1e2950a0c94e8fc47e77ab38f29d,608791862343852197,0x7D249AA064f4e02CBf93aB604b90BB06A33788FD
17616415,0x18fab58515d3a16ab491b4fe599a283770a91510f3d2a85ab4a81331ef18cac3,0,0xD120F234a71d76AfacB33e2ea3CeAA2381671343
17616415,0x972d00d241288ec3add1c04954ecba9ca25eda32de94a3757e5f0d0d7588fba1,0,0xFA96a22C337CC2025921403eD95710fD96C20273
17616415,0x32929bb9317f236628fb65e3928388c63404984fc7c8d440f07cf1f7c4fda94c,0,0x014FE0a91ad403224b9141888361BD0B8E6e167B
17616415,0x8cb73e372158062798ced703ffb827784926e3739f438f244194c2f2dc628e88,3616518731379917,0xB74FdAd132B30DCf0f750b140567197b70Aae2c6
17616415,0x28766b9e952a0a9ded0a6d4d251c6feb111288bd0d5b07ec14f4f15bb149f276,0,0xbB2dc061c271DeccdE0dfC8b804ae9Ac7E598cCe
17616415,0x26597bf18e7bea5ae16c731c02ee2a89543087e0ba342469bb6c7d389f3afe72,5000000000000000000,0x9Ba032eF3a1B98B26525a246ff0606A490A291e3
17616415,0xe5f79e3b68db977c34b08a8c337877d949a1d615745678b80b31d3e42e462c76,4300000000000000000,0xe0c50Cf9e79361BEB4a8991415EC37AE9E9e202B
17616415,0x21df3fce42f4c76f2719cc00a0198585e8fe9785f8094586d40242ae405993f3,100000000000000000,0x40E949E851722407950870e2403f71670A8c4500
17616415,0xcad803c8c8bd78cd03a5f22b7ee961f2df5c506b178ad43cd50a7efe14a11f90,19000000000000000,0x10009a2dE0aCb8Caa0ABf6082c4B2b6355F8b46C
17616415,0x76b8a6f30fcae4ff436385c716def303bec2d5793d994df65fe16513bdaedc85,0,0xB3f89A70eA1Ce614249d9Be3F0fC4Bd9cC286567
17616415,0x4558f7d05a1caafd65699e7310b6aaedaef7d05c13c0ddfb0d8a4170e1e13b5f,111510000000000000,0xdF285fD84BF2db5f49f3D6300Df5dc9C7882da34
17616415,0x0a874a7ef6dd612a64bd76551b0456f84424825b8a4b70ea66d4ec14eb7a7a31,6984151498661043,0x557588a11251D2a6c336EE6AEE8F66831d716012
17616415,0xd832da498eac3443c52236ba15caf631523bd4fb60b25e633ab3bee1d41176a3,8000000000000000,0x91d8cE28D5D0a6f5d0bda24Abdae8925CEb935dA
17616415,0xc54a94c7e65dbfbec0a676863c8bddaa9303e553adcedd85ca31ee09526b976a,5341518731379917,0x1dB5E2D74313f7643955054d2518BEC663Bc9738
17616415,0x85ce949e56626732e121600b15f779c13b131a19e6619be0b385287b9a34db68,0,0xd87120aA0E9220948DCC3D207E0b3df2e4Ade1b5
17616415,0x732cd538c3f78f63e1e90e8ec214879ac5c68b78f608339d213db213a0abc247,0,0x74Bcf1a4c12Fc240773102C76Ea433502c188d84
17616415,0x44f6efdd7350fff1d1726f3fcbe3126310322f18193b682de7098913fc7f6fe8,0,0x4C67D20778F55b8f7078a6C59CB69D6e610DADb8
17616415,0x782d12ee8276ea362088cff1372273797397014ac0407da577e8d3ef0d705945,0,0x8F6bC622331f1586cf3ac042efa78B33F72A672d
17616415,0x2637855ce265cb2666573fdb1a0397624c2e9411225f96f64303c1ff26cbe4d2,16853100951600000,0x787B8840100d9BaAdD7463f4a73b5BA73B00C6cA
17616415,0xa97782cf5cd6a6716e3112eca70be50eafed39755cf2dcd9d106f56ce4449678,1127400000000000,0xfb051e041dfAeF4Dd51a64f13F4aDcF76a1e387f
17616415,0x7923b3dbc0f77497d1765bc913c988a607921d8d8f47feaadeb06465ace95673,0,0x100a38ed14C25A5f456557E9E08298BBB14D4B98
17616415,0x4c658e81b7a6fa47c3912b4a134a8070495f43921bcc567e9cd872f2f189caaa,0,0x2c8F1bfB5eBd4236325A0fAd4B3Ab0678861ebC8
17616415,0x736460c927f874834ad140011c34ed74b488f20b7210463461a7da33cb147c78,0,0x93c5c2F6e1400627BEDdf8faAD4Ce3A76bA00D07
17616415,0x3a7d1762c412a5007f6f33b61d45a203e9a8da0d729e7a4d7f91d29e09ad7510,119011302549107116,0xEAd82F24a9270746f5FD4c2d0b7C74A55cA5De93
17616415,0xb1675329a7595769030ddd765b39d14d8c88106b75c3ccdb0e21dab03462ea40,0,0xC1b634853Cb333D3aD8663715b08f41A3Aec47cc
17616415,0x2801e1f02afe0e2bc69df1b0a27bb21fd2617b9143e2f88327e603f6fd3cec00,0,0xCF729D001fdE5ddc189c9b753C21172a9DA5542C
17616415,0x5b53790917525c708bff56f4937d92e43916a52f42eb227957b8889a2203f69d,4018870000000000,0xa1214182e4577C78167c55Daf281817B67ab4CAb
17616415,0x8099b8b29051b0efbe6468931ec7fb700756d54f527b7a86fa4e6b845a94beb3,0,0x71a0E155Ef10D5EcBcbC831aE5C0D2b797efEF41
17616415,0x4affe1d491aef330cea27e477a83d56eb54f5b691f078282aad944a03b0ae58b,81114978065663132,0x8C8D7C46219D9205f056f28fee5950aD564d7465
17616415,0x750d270e37dd2fae871d1b9e2afd9d51b12519d6bc287f79ab7177f38d09f229,627,0x3870Db538e83b092F21059e4B65A0799885272FB
17616415,0xd4fa29545538195f8aa18b6037879572374c620bcd08717fe3a5d5cbddc3c0ba,740,0xDD1C535065Fcf44F5a1472a384dDfA74c1cF71dD
17616415,0x648519323a52a124cd3cd19052a99c5492765a9916d3441d8f05a7e012d46d2e,281,0xaa1da116f2aAD63dD8Cb3442cB41237964A582Ad
17616415,0x2551e3231c6bc197d685eb6f504555c1561e0b6a200b357f6d60372347574495,45853823719823667,0x1f9090aaE28b8a3dCeaDf281B0F12828e676c326
17616414,0x35ec64d4143e1781d42a6cad64aa9afa657e692bea5cd2265211c29193a8a279,50000000000000000,0x8000914d56dB697c3aa2668C71CBCcD66E919E78
17616414,0xa75f62f02f86109eed246244b040a505546bedebdc6f7613e6bcb80e990ec366,0,0x91aaE0aAfd9D2d730111b395c6871f248d7Bd728
17616414,0xf4d4d90973ebcb8bbcf6548c15db0b5ed151c9964a7b391b3afd24f77935c94b,50000000000000000,0xeCd090452c21bAf59B13b79625407F63c6b5c42B
17616414,0x5e59075c641b2e73fd568726bf59f9eca7cbb24015c78f9507eb7e6c7acea6b3,0,0xEffD4792A6c9dD6c85b6d4703E0448978fb06d80
17616414,0x00e21cc1bab2c00634d46a301b6e01a806fab9f7183297eb13f4e5cc3a66234a,0,0x2642f0CACDAB8179E62429921CB8d285a28fF244
17616414,0x4a97450a3f01e1d2bc4782b6bd12a4ebb2afb5d17cb16c6c3f16da6e3423b21f,0,0x8e8f818d3371F797A2Db7eDB32803607c8b3c6A9
17616414,0x944c435a6277c1fd097d23dd3414e51563f76b43765f011225b2efa523804b9a,72951621,0x77ad3a15b78101883AF36aD4A875e17c86AC65d1
17616414,0xc8e2fdcfbe7d695a2d1b2f0699252c71d3c124a2849b82cbc487b9838f1bdbd4,153399721323839580,0x099F7882eE50ec070A4187C00A7E33F2159996A6
17616414,0x8abcaa42a0aa734c2fb0dedf57c3f5512d2b8f5f9e880938db75c17a23eeb09c,73594052,0x77ad3a15b78101883AF36aD4A875e17c86AC65d1
17616414,0x9fe82e558f6295eee62aa8bd216cddb24e481b29b7e332a86659580aecab3bf2,20000000000000000,0x0FC5C6f54F6Ab2cF8df510f514df5DE5dc991686
17616414,0x39468421c9ad4af9bb29cbba51b6802170b5ed91019fe96295aec3632f5f2e37,0,0x17c98d466d0DD7534e28eb6A09400AaA27Ec7Ae2
17616414,0x3ec2462ea25a3baf890961a7142b8823d5de1e7e82a642a9b3e639731641882b,77000000000000000,0x9E82D9f020621Ec32954468E45D7936D0e3735ba
17616414,0xb46d101d2dc221e8a7d9ee51b6a76f8682dcf1395c559f2b5c8063e6ceea5bc6,77000000000000000,0xFFFd1cA8E32A6ffB32452Aa8C69543c73c48ad4a
17616414,0x1e16c283ad40901e2cd1499bfd231ac7cb1fbfda062977ba6ffc5edad655eb5f,77000000000000000,0xe322a1060b9862e36C027992cCA4BFd5934A5c98
17616414,0x380d5d40ed98811c363346108918c07d7d10882804711e6a2a18f59adf9cef83,30000000000000000,0x5A632714D7fD9ddC7B1854ed96D1Dc4710ed2862
17616414,0xf0662d14a0a465042ca2a8970d4b98a93752a388393628b367d10d72f77eef17,0,0xDD5DdF6C4b1c6Fd458Efd5dC24658a3d726f92eA
17616414,0xab2a7b1bcbf4cad87f9ad37497d77126eaf1f9bcb89c0731b95fa16836dc5b3b,95000000000000000,0x46340b20830761efd32832A74d7169B29FEB9758
17616414,0xd6afd3c6eca63089f137c545ae979df1e40fb5fbff8592e55d37a6601c31ec21,38300000000000000,0x46340b20830761efd32832A74d7169B29FEB9758
17616414,0xe48d96b7b44c021187bc1b92f673ba7c8d56d45e2cf52e612d739fcc6f5e045e,0,0x6C29d02550aa19B34BaAc588723B58bB87352732
17616414,0x609840e5db18bbb8ceee6c62054037106d0e68ed43724a79a3b9435e1ccb4442,0,0xB8FF877ed78Ba520Ece21B1de7843A8a57cA47Cb
17616414,0x89b82bffddc8005d0ff44d5ab2cfccd03b03c36ed4bf722fa5d46357958e88f2,0,0x55C3223DCccB0B8EE5d075C3ee2D9260a2c0Bdce
17616414,0x14213f495cfd475f8ebdba5051a85d8603ec7ebf92183d7af02e0ff758886158,0,0x5F9AFb695e8C6624bD8FDe2E7D0BDb49DCB3aC8c
17616414,0x797c6768cf90c32bca3858d0607d7beece54713637753d8b4cea75f3adf19133,0,0x52B5288d1075CC716Af9a8a66E1aB2C2026B63CE
17616414,0x488d0307c3014c8e5809415bd13504b981d0bda5f17aea974165ee499818c542,0,0xCE465ff9d88C3Eb1F458D680c3d265e4f4b930d0
17616414,0x715af9e52591bed3e04d5d07ed809dd8e97253b01f58b863a3a6ef0ec6b71ff0,0,0xc3a83105D8274a7126F49213D807FB2625843F09
17616414,0xf33135f1cc1a4e1be6d228725645082565129319384349c5dc8c6519f1a1115f,10000000000000000,0x40ec9f1c1Ca4C46AEA617A3f7B66376180130ce9
17616414,0x54d810be9eff597faad7d988311a2f3b17bdac2fe94e7a6f483943fb108e8030,10000000000000000,0x27532e99862DDE2e759959A504568622D1d10702
17616414,0xb986052c5e60406ad2c12f8bc157d5c2018d27505305782747da6b1494cf90af,50000000000000000,0xb15D57E844aAEad0E5b1b2B919344E4A52312084
17616414,0x26b23fa513f328c3eadc6839af1c3d378268831cfb2880f7bacc1a2cafe8b110,10000000000000000,0x39af392f2FF6011F255bdCA167d96d07489C31f6
17616414,0xc0a7a74b2fde57a4b2904c4b35e9ca472fead77be85e534483512503ca1f6a49,0,0xcc9EeB16Ff6b1ec34802BA1B07B0a7d8CBf2eA21
17616414,0x48dba04bb2a3be585e816057aa839b03f62ef5faa9de3afe25864588250a0809,50000000000000000,0x5BA11d233849B0Bdf29eEC7addCCf8273E62Ae57
17616414,0x9829989775e55d24e17fd26e75e09ae30079037279635811e1836223537b2348,0,0x7563758243A262E96880F178aeE7817DcF47Ab0f
17616414,0x7998b106bc24b982f8f8b88f14ba5f5f6c943b9b76e495acaf3c7f5674f3d4a8,562465644854078500,0x719D064E8239F98Fd2cDEec7d88f3F515aA16aF9
17616414,0x207702f7568878c6f0aa3ae495bfcaeec861b6257697c1225f6d22906892ffdb,0,0xDa3863583c9FCd8A5D3506D91AAF33157124d1d1
17616414,0xe391a46517a0b7fa2e65d576b8e6e54e60004cb1cb12c9bdb0c26197e738aca1,184930000000000000,0x43E9A1Dc8a6d2f0DD9F1903b82c43AAc69eADCB4
17616414,0x9f9986aa45bbfbb838281b8009ed4f038f39c1ff2152c97b71c9fcfb4be893f7,0,0x4963C9037C31c9318f365685B951B0126329E406
17616414,0xac16eaa7e5e72592e88a4a70cba465f3abe7aa5ea08f71663e38e32c80071c39,5113324044127987,0xd36cBD623Da234092f6C77e576F040d4336D0b17
17616414,0x2191f31cbc17e766fc902405cf31d55fa1bfb703474d847270800542ac129996,0,0xEa23abDb7896141a56AA122e3dcF21C0085c954f
17616414,0xed178ea89cc89b810d8d6e7adba3768791a75bac3fe407ed13b6cdaf92caf70c,50606312990818677,0xC506aC9a060Ef8559C3c870e87dfD1895aBeC2F8
17616414,0xff628591439cef604ffb859f77302a7d9f9e24cfa1c5c48185032c0d6d2971a5,0,0xE8724f21Aa13f86BcEb8c9c86e3EbE5da643c730
17616414,0xf20f72ed47d445843d1c149e844365ec7384279efe105bbad112ca9ec21499c2,0,0xF6F5Dcb3F3F1C0B86E854aA0c629723Abe9eBd94
17616414,0x9ca5e85718a974a3086ec05611aac28d56b56b26ea016489e5bb0b2d4c21aa0a,0,0x70E0639e9F9263a2c4EA6B1Ec1Dc1dcDb8F0052B
17616414,0xe63946c896299e12f79b9510101785d55d8fd573827251a6bcdc1246110596c0,9206000000000000,0x56Eddb7aa87536c09CCc2793473599fD21A8b17F
17616414,0x6e366fad6681f20f0498978acba1653c8d4ebd9fb278e25ef4cf32ec49598149,0,0xAA20bD4070870b24bd1059A587aCcB0F9c866983
17616414,0x791ab17c5bde77d5d471a6e654772256b63e49b06111f207d7a7d70d7b3d5d60,0,0x21a31Ee1afC51d94C2eFcCAa2092aD1028285549
17616414,0x78f49039f8a63401bf598a75797fb1f4f24219db76a8f4efee44e7782514f903,0,0x21a31Ee1afC51d94C2eFcCAa2092aD1028285549
17616414,0xfb2f631e2da3aec5a8554565b55b799f32e8afe336c7c049c743b9f6cbef37fe,52808810000000000,0x504cBD3364EfF884bdAF0bc39B933E5D2454F474
17616414,0x3180d61694f9b8a5386ce12699a11fe028db800368a89217c57685ac0d2643ea,0,0x045f75861E96a697E980A4CC25CE4DAd8D1E4E0A
17616414,0xd3d434c95416b1414eed89009c072370aed4e702fbdcac818f26e199d1aa7183,69647471433347990,0x7ef3A892D2f5f31C34f8A6443D2F41BC09949626
17616414,0x25334f2696e037eca9f2f3f1bc102998ca78915a380087067c7eb7374d13a3bf,0,0x8375171a7337463820bAc2fcb6A60C5E9bDe7a0c
17616414,0x55c9676beaffafe09bde7bea68559fd0d339583bd2b95db8dc8a1e5bdd8e300d,0,0x2728D0FA57565e58dA5d291bb621E00887A50c73
17616414,0xdae2171b3c73089a0398c500d15572364dcd7f473069f2be47839cb20a24792b,0,0x27874032c8b54B3a431400121aA963615df9C13F
17616414,0xcee853aac8136fd05fee846b4336013568c3d137c04538b9fc69617d24a702da,326774089363951910,0x1C5e38d532289211B4e7e92cB0B19f95F7b3BC2f
17616414,0x5ef0f41f3eef7b08ac33d6c56070aa6be1812c46388b8f03a5f626b08faac01c,10000000000000000,0x597885d3ABCCbC6C42c2d98363266a13b5543A20
17616414,0x4a450caea2606efb1ef417dee6e59b62ac962b4a1d222cc119fdf38ee9b1a666,875000000000000000,0x8Cf893b9E59710d92E0195114105c12Fb6252Aa7
17616414,0xd9274ce98c2fd5f64c26faae19f830518dc312209510020cf9a7f1fbb1958d50,32906000000000000,0x2F1f7FC76e6CF5ab3e186A2A2FD4Fc31952a77Cc
17616414,0x18cd33c93ff841ef2e0a53adfbb66117aef8a4349650ea30f5ae396184de7358,0,0xD94289d1293718961D20FAA51b4c4de0165649cf
17616414,0xa17b86134ec747aacc3cf5826959c592fe5e9f664ab2bb7433963aaa8ba1ff45,1962277900000000000,0x4E5B2e1dc63F6b91cb6Cd759936495434C7e972F
17616414,0xa4a81d07665cffa6ebb1cb581280d16358ae2bf7436233811b88dcb81b87beb7,4260000000000000,0x4E5B2e1dc63F6b91cb6Cd759936495434C7e972F
17616414,0x7ab754d079b556260c325eec917d8f1cf9652647343bd2bcb5c0ca2b2f9462cd,0,0x63445A125bfDC3BEf055669c8aAF9a8597EF3f93
17616414,0xbf8f7050e0d853b8cdedd6f1aeaffa3b7b0e1c8c25750833a73225c25345bbe0,25000000000000000,0x97972fA6D980aA9B93D1b584541055840302dE05
17616414,0x0fe6e86d479b490475cb0995df01aadcbcbc2174080de405290885b83d95407e,100000000000000000,0x38324099c8f849554dDCc87E006e2E5c2564CCA2
17616414,0x5f89ac0e24bb381d1231275e34ed5430b469b18e0b4f3621e054c5d4b49b93f3,0,0x82412969100a310C006E865F5e4369EfEa8272F7
17616414,0xc21c72c44960e1a0b368279ce5b37947aec570696bf3fccbe7878b5126ab1c28,0,0xC72Ed51Dbb7AcF64871aB3eB2770870093d66b5f
17616414,0x24d4066d730ecfd9916b567eeabafdae0f18321806f02030554ea38348361767,0,0x7C422F4436eD5e4A6Da805C1Ba51d08809a0D05e
17616414,0xcc1c6070240deb8413c149fd770b45dbbec6a7f04c8abf63bcdb755570bcbcc9,0,0xb68774d18d4ca0F9B12255D5315E8665c330e65F
17616414,0x8d4fadea5f5adff0295472973b291abec13747b8a832b95ea7f48703c1842ee9,0,0x16fc4C30A35350aA5A5097e9D86dc3b91aE3E2F6
17616414,0x6da1cf66bd10516c2a5b75e8d48c4b59ea1aae4162e3830c96601898c3afb143,0,0x62dB831a6064E2344a50f57901C94004F7139Be5
17616414,0x240bf218d1a33034faa7b7b697f585675528b9089b754406f826e0562df04299,108349650000000000,0x974CaA59e49682CdA0AD2bbe82983419A2ECC400
17616414,0xd80238147c5f31892834dd2e7734fec20cbc5814e2a14ad3e3aaf22288c4e3cc,0,0x077bb385A0affC3623483ab8D4925C6570Ae0501
17616414,0x4a477e6439643116def2abbdd9cf1481a1b2e9df91950bfabe289ba072f89d30,0,0x7017e30225Bbc6BB90679B01D698851aE3f4923e
17616414,0xe6f756e41d45d319f5d5304f0410b42c0a290466453771eaa0cfc007bc2c92cb,0,0x96caeFA5f58aa3a90845Acdc7B4d21FB48703333
17616414,0xb46e2b6cd4c50b0c7b23155fe9f5d41e52346330c8806caf8e907defe97feea2,0,0xcf5CeF5C0a1bcA07B1a68369513DafF5D8389551
17616414,0xf21ca97016722ad30e405bafee72e5b6eeaabe83304ad03279e3e0f4fa98d812,0,0xa83d324082e5a79Ecf77D509fc77402D25583B9E
17616414,0xd8252626815fbf4710018c06860f1d954c907f760415ae29c390873f16e56f73,47444542667620694,0x1Ba8054434323BAF525Ef93c1AA95d9470102256
17616414,0x910250fe2604c3e4bc8da3237ea871ab1a953c8680c95b95d60eca61256bc166,0,0x1689a089AA12d6CbBd88bC2755E4c192f8702000
17616414,0x8946efbfa7860c1415a00844974e867994d72fedc7014fe48b19af6ed4d4ae90,1549000000000000000,0x6f7aCd6da03a82B18c3e636E3C4a7089ca8F87AD
17616414,0x5de0a85fe06a30929a7f205aa5808bd601148542efab463edc67a828a1badb8a,2555070000000000,0xA6144b64A7B6A9061A6Da75c296E12937120db21
17616414,0x38385c9bed813a3ffff2ee5d6e2f61cb164297c115b7de53e7c2195c12fca2d2,0,0x1197892Da49Db0749e6eA031EEa09B41C06B774D
17616414,0x0683e6d1f9b37fe75b2838e0f40ac965d639cb90c39d43a2f1154cb524d3ed09,28677740000000000,0xE2963E0E6D21e32b3Ed9482A9FC3D0eE41BcD177
17616414,0x2a0183facfe630503e2098f69fb147cf45033ee4fd4052c2aa917fa7af4d67b1,40000000000000000,0x9542412bB7240c7CFe4293D608E111A8704541a0
17616414,0xd25d91c71567d1d9e96d22de8a719f4e50bbe0cf5ffee7470c7deb6de081cdd8,0,0x5c27Ee883E30eF0c70D35b875479acb9B1061035
17616414,0x48a411486f1e330a90c5b4d98f959bd2011c21246d0f7ed0bbeb304c7c07669f,0,0xD09eE66ff01Ce668D235Ed4a41f64a450F7Bb6FE
17616414,0x4accab9bf6a8dc781ab002e07d64a0137885d6ab5893fe34512c17f649238757,0,0x226210768fa36dDC0BB2B45475Ef7A8cc6D9E454
17616414,0x899dcb4e4635e049611ae29c741a2d470c0b164db348a427ca8ae5d4b2a6017c,15000000000000000,0xC5616479111cDCD57e8a7F805beB3301edefae3F
17616414,0x4385861d33afa279afcfb641db0e92577a78f2ad13d68fa9c193ddca9348cbcc,0,0x1b475D0f2694869329df8399E26F72B2D9284482
17616414,0xa0cc719b4b7c2a48dbdad35f1655b6f65fa8f95d7010ca345bf884483ccfefb0,0,0x26c3093A7516c95E01C698D34348C814Bd0a0ac5
17616414,0xbfad9bd7bac20e83094752475669c891ce96ba2488aa0441109f93f4b1367de5,0,0x0D82953e21104403849d09229fCC8FD5DCb62E14
17616414,0xf81331a18ae4855fa0871e9a81f4d0e52e0749217508c85cdccfd137249684c9,0,0xC2A141Cd1efd584A4C2f9a38CfcBD7d3d34D0E38
17616414,0x7a9dcf9f1503e1e340816da12234e14e2a4ca4d7b8d54558fac0022db3ff151e,114915602868671124,0x15Bd723cfDe85C3447599Aeb4627a0B180Cb8938
17616414,0x19977ea98c4ef4db6f28f3f3b9b94853d1a46e9c336bdd859cf91f289ef1fba2,0,0x66bE7906810A064bD465C3394a56245a284206EA
17616414,0x5b2a2e1a9e771a7e6f1857d1127f1952b25f39d21d21c28361eec0a9233416d9,0,0xB8e68D17E5920EdA9d309E322c2D8aDE71E6bDDb
17616414,0xa5d4a5e19d9e2632846127ab3cc330a440dd2907332001f6eb5edc7b96a51684,0,0x7fA1676EfB676e6778B5C14E2a979B48db9245dd
17616414,0x9d47e7f82281ddb30266825ba92ede3512ecf31fca6e00fbb79bd3fe8a9a0243,50000000000000000,0x9714F318BB0606f284Ee2d40c51Ba05193eC6822
17616414,0x01a29888d5d498e6b8f0096a3b80522114f6d0c672ff2b7dca6dd7ae11c91cf4,200000000000000000,0x1476535bD12231C22e397D02837a62cE6fAac80a
17616414,0x9723cdb29e9454336bba53d9e8fe8cdb293164d71d6fbba97950746adddb85d2,0,0xA539DEd8f1156BE9a108589CD4BF7a9A12a158E2
17616414,0xe6bc7a8d2a1a2a4a6db35c8425bd496b303f5ba70d65f4641e1f2bfc810f5d53,9229783214936034,0x7F1AEa16c0637068baAFC314409822967e2b38B5
17616414,0xef9c00da841079f783f648b6aaa93508246a02e02e5b6c2b78aaf74216b297d9,1000000000000000000,0xa5B3cBf830aB8649074679d0FD3c76d18825B672
17616414,0xe9df1b61233d414802542709859e002e7562892bc4da4d23117af0c1938763ae,0,0x051e5C096c5F47a0062BC7a86a2C0fBc335CAECe
17616414,0x5e9d3c3b34736dcd8d490816abd90239d24471be4deabb3ffdf284a105351c8e,7530849965439679,0xe30c29C3Ea4c86836Cf4f95e1F8F2F4D69d234eD
17616414,0xe051bc273cfa17cff0cf4492bec6c4ceb156cf95986a6b7c31a361635bb6b698,0,0x15eBA0b41E85bE5CEA02B45835f2Ae0D98DbD7C4
17616414,0xe7097b157e0a62ca65b364fa11b148961c195ecadeacd9b6ed73036750ed6eed,0,0x359a98e80d7DBEEF36215FEebd1c104c97D5F2A8
17616414,0xd8a49c9b9e440c68cc231834159b251535e10d9778658b4e5f5f66fb2c5bf65f,0,0xCF729D001fdE5ddc189c9b753C21172a9DA5542C
17616414,0x6ffe303afb8c80e6e4f13b2db47cb7bbae60abe45404e3729e2951a669493100,0,0xA04a7188ACb26A01B67567493b976A29d1718e8E
17616414,0x33eaf7aa213f94ffab4ddd414486456e6f8ea11f0396f1edda1d9cc2e40d1a04,0,0xD60cB66B1d91a99818c9A57D7c464C440f664C5F
17616414,0xe312c41788178cef130aca9f3d469128b26d704ba02d147cb3705117a7cdced5,122420206027432045,0x4D6c155d634EcD4F78388Fc0d3D5C29E8f3CEb5B
17616414,0x4c18fd4ddc649363206df3b8dd3736e4c243367bdd6780de1a7be71a2d298024,30000000000000000,0x23f4569002a5A07f0Ecf688142eEB6bcD883eeF8
17616414,0x61f176b1cea3b90211032c480c70296615daf94a3c56d74a47bbd81baec3c8af,4048000000000000,0xdeAc955940C6452cE809005723d90E97aA8a774F
17616414,0x93058aed6481fa778fd001c54c128d3b1a14a2073cb6f0432dc837c31e6d8114,37831812016608243,0x690B9A9E9aa1C9dB991C7721a92d351Db4FaC990
17616413,0x6e9728b8f61a18aa759a48c7fccea70773df827a3ed4ef9375983bcfe9dc7bf5,50000000000000000,0x55C3223DCccB0B8EE5d075C3ee2D9260a2c0Bdce
17616413,0xdd59021ea851d85cbaed4b080fa62fb06c09891cbcf86709e67f10bf3cb30d84,0,0x018b7EB75e80d7F1dA04F47c9297CEb8d75bA167
17616413,0x5df6860dcb43bec97ba58ef464a200b1717cbeccb573934374ddf94fb8ce8a14,0,0x4066e9bd5618373d2dA7A1Cb7BBa03Ef800875Ee
17616413,0x18e594606514cad27233ea2f4019a904d076640b38eb4896d71b82587eeb2d24,0,0xafeD2eE8d6b57B7f3EA0aF9da3A1EC0dc19d3ec4
17616413,0x1bba0e538226a54e3b72f3f8102f97ed33ba35f9662b4ee71407b182ed8ca71d,0,0x0D0707963952f2fBA59dD06f2b425ace40b492Fe
17616413,0xd364177ef8de93142ede5ac575600bea0f4ed3fd947ef4dfc30d5f44716d8de9,2000000000000000000,0xd8b07BC1bC3bAe553BCA5E94E99935dC12Df24Ff
17616413,0xa94c59d8bd8e56e5fa3175ede726cc451b9538ee37ddf18e687c479f0475386c,0,0xeE5c2c81220317aAB869265767eFB9710D2Bc618
17616413,0x8f2c9ecb80f9832c6e9164f9b768143ab7b81b388ec32df866196c13bada427c,0,0x50b617f16093155e4F052d863714b4201EAd9c94
17616413,0x63a5bfa1cdcc5fd34f9e9fd23a3d0fc3089cd205b049f273fc5defd5c6f9f3b0,0,0xdBC1F757CffC64B2942BeDb1E90F673Dd0cAa340
17616413,0x2be4ae5c3b71783abcdfa54c118d7ec40e489f38a06a4895f5bb73b031df136e,0,0xb49cD68fF2826F08e6A02736f2A3e44Ab67Db691
17616413,0xa3cc9e50a82dcfb0d4244c0c161e3c3d153e3873f8152c313427199e56446667,10000000000000000,0x52B5288d1075CC716Af9a8a66E1aB2C2026B63CE
17616413,0x486ebb660e96c199e5474b0ff9f8ee2974ab7fb6ca1316178056d9124884fa26,100000000000000000,0x6B27C8153De866BF0638085D8ebf71DCc4007199
17616413,0x37d4caddd3e9a9230f7623a563cedc2a8458d061ad919aeb19f7a21d259c152a,4660000000000000000,0x19f494583c7C933be7B0eE58104DDaFac1E8aDfA
17616413,0x09ff92eb199f87401f10eb4bef15e16b4c55fa2435093211ee2e6d4d3218f421,287956121495837,0x00dEe1F836998bcc736022f314dF906588d44808
17616413,0xd6d1e73233980188255481f71711237be003abfd5f06390f184999957064adb9,0,0x8E354CEdb4dc20616a4483A30Cd752D648A40cAa
17616413,0x231839023b4f7598fa34b6337be1aa87e042e6f9138c069643e58f7b17723e7d,0,0x7672a2Cf4fD67FEC537776aa48EEB2Bf7ea60969
17616413,0x90df60c7af41ef8981ab8b5ed3e6a186d19c9d565752766ab3b121879b9e1d98,0,0xcFfEDFa3Fef4f820E04a52ED01990F4E6229F565
17616413,0xdb3156aba2d3a4f350c105cc23cc1c7143fce83a301a36306bc002c8646f3d81,17616413,0xECE773De275f2e57eD6eb537f8FDAce030F94601
17616413,0x340c10f33a98b8b8b125c234a3642346aced4575e5cd14afe99e49564c866498,0,0xEF67e90Dd73d677FB9a367f7df82C9E1379f2473
17616413,0xfa4cdb51991df0cde3d890e98f26f6e1a0b0ad54c1004817467ee9b44354f34f,0,0x597885d3ABCCbC6C42c2d98363266a13b5543A20
17616413,0x871ad0d6f89c4f4ce46c50b34ca5e2a9057614f92fbdc26f546567d8afb23acf,10000000000000000,0x17c98d466d0DD7534e28eb6A09400AaA27Ec7Ae2
17616413,0x5a7f28e8a475294ae1437c42b4d3e05791859a0e92a00004c51f3a1773d4f63d,100000000000000000,0xc3a83105D8274a7126F49213D807FB2625843F09
17616413,0xc064971af6946e9688dd850942cb455711596999a03deb2090cedfa8de89b893,50000000000000000,0xCE465ff9d88C3Eb1F458D680c3d265e4f4b930d0
17616413,0xecea5df184ddb2518f6cbe067e4f6df00eecc30d64cd829919f028e722300fcc,20000000000000000,0x5F9AFb695e8C6624bD8FDe2E7D0BDb49DCB3aC8c
17616413,0xd63e0aa4792cd125b3fd033f9f75a6eb13004619048c794afccf61c21423f624,10000000000000000,0xF15Ae62345F4e1f1B766a0745e63Dd04Fb941700
17616413,0x32872b3f40798302d5d6ebd41c59f3588dfc15f960eae8710afaee39ac27ce17,10000000000000000,0x71cA9b3224795E3B935611aF55Bc2491E6e19ea5
17616413,0x3e689f85aebe978004774697b4742282f7303467d6c399986a1196264806e601,10000000000000000,0x3D66672318a349a443C51a2d5332b88670953af4
17616413,0x1ba2d87ae7ac39f1765dd81245d0297d697943df1a6712895c60f0026996212b,0,0x73c19e5aCDa0720E1C8efAEc98604bf651aE08F4
17616413,0x7ca3fd9574f90f29f481c9b7a7b331d4d1aaccababe3842e20b5adcde43e1908,10000000000000000,0x6AdCEC0204Fd7E884d0aCbae5ef157c4e1784622
17616413,0xf97820e2242cdb8183051ca7e712bf47daf9992a21888f6ec2495c4ebf6ad4d9,0,0x99032628Dd9a838C201294257d7fFe1cCf6e20fF
17616413,0x31c9c09e6a88a8d06ce95902f3109f337a18e0273e596240103e77a93a13ef6f,0,0x6aCA97d9476D45bD728Ed425C5a454Cc4C50A0ff
17616413,0xa93724643eb4a53c0ff0c5f675126aa82d4f5bd8cfc7fc781f37d2435e689350,0,0x35df8e3579051422fE2f8Fd45c1BD760B1557a78
17616413,0xc50cae050edfc7f964dd21275a0832680c2711eb941c8990597de9cb5a81e3ac,5114208747349557,0x524E8bEB888bA191B5aEE72Ff48Cb78fc3e6709b
17616413,0x6295afa72b748f8df47e4d66944e54ca80c13924a59c936302d4f61daf28f5bc,0,0x313Eb1C5e1970EB5CEEF6AEbad66b07c7338d369
17616413,0x6fc9aa3300da28b763cc56aeb611157d2f2a2f2af73ae5bc1d7e79fa996053bd,0,0x31C741dF303F8F3506c70E69B1893d93236a360B
17616413,0x1a28555ac4f7110d385b1bfcb8ad64fb4112e72a80dad188a3b9b97ad0a44561,0,0xca92969E9A8DB0c58F74B7EBC89f9A48706eD629
17616413,0xd84c7aa2947e4ad7214c74a22c3cb05c396d5637117bcbf180913a489aa64f1f,0,0xF88cA0c8348A9339eF705ceE2Ad0BC863EC36bE2
17616413,0xa1098ff8b2837c7c3756888c6cefa1cda9f2faeb259295316d4238bf14b378d5,107031060000000000,0x21a31Ee1afC51d94C2eFcCAa2092aD1028285549
17616413,0x874b0b8bb037b6cc9e0116c8b092c3d0434c6795427f25240bbad6df17ca1232,300000000000000000,0x56Eddb7aa87536c09CCc2793473599fD21A8b17F
17616413,0xa7dab9dc003f338daca059d7b98d60114bf12a4c6f30ddf6444dd3a2346a530d,255666202206399350,0x4ca98429D6A0ba9A44F4C54ae2E31E42B2a1f0a1
17616413,0x7fadeb621b76944bff3f1971eb334ce7083afe19add800b1ef1ac2559754d856,24723200000000000,0x9696f59E4d72E237BE84fFD425DCaD154Bf96976
17616413,0x91a02bc53ac071b78394b30acbdf8ddb3584640f29934a33cb45c73bd3f637fa,0,0xEe977dC5F20D8e4771f2AF5711C9F75E795bFCbA
17616413,0xa397e2a42f2f19714037e86c03e889b5f8714e3dbeda138ec8b12361b393bae0,13430000000000000,0xF27C5989B39b0BFa537C5aa9617d78235eccD7F7
17616413,0x8cd4d0c3a5083abdcfa9c6d0d5e517888d348c2e66387402598f23e10add1e9e,0,0xd5EeE345000565DB6Df478Cff775d1C6FE259a5d
17616413,0x41d09f577d6dab5d1e6c4b10e5de3a5cc2b829d09cc37fbd87acf7a6d5325da7,1022664808825597,0x4EA3fEbcA334DaeB448A04851B042554e42f0241
17616413,0x1e9b8d3d564bf65b269b56dd8d7625a4cdd228371bce1cb2b210290bbc8e4dcc,0,0x87d45AD61e4ceDfb808e53E330C2BE2d6DAc9489
17616413,0x3717182f3b06320caa3e24def21143c0cc004a5e0400ed057fef49041720851c,0,0x30D02D3351a43220a249C6e87426D1250c976e91
17616413,0x8c6a25adfd9a7489680a1760ee0743d60ed4174348f2a35bd232deebdcbecaa9,0,0x1C17622cfa9B6fD2043A76DfC39A5B5a109aa708
17616413,0xf6bf576582e88cec5d9d591421edf034cd5350b090293cce627e1bee39099c2c,111054620000000000,0xbC8DafE3399c9c5000b2f0F3963eBe0133339FDa
17616413,0x3479d83343dc994e9efed4849820a59c89be6ee4d1a417633594a832bb4c9862,56685030000000000,0xDFd5293D8e347dFe59E90eFd55b2956a1343963d
17616413,0xecaf0f1e2a2742a200877f34f2e84f482c9a61055552c3327dcc27ffa84dde40,0,0x56Eddb7aa87536c09CCc2793473599fD21A8b17F
17616413,0xd232f5c8f01d48cf0db5ccd9c6ee8ec06196161a2cfc108e7a0fc0116bd768cc,0,0x21a31Ee1afC51d94C2eFcCAa2092aD1028285549
17616413,0xb8ab90855a78ced4074c32a7fcd1c06faaa31ca08ffd452f04ee7525e71a4c0b,57178170000000000,0x4976A4A02f38326660D17bf34b431dC6e2eb2327
17616413,0x2a70bc96cce2e479396c697dfc4a5adca2809ef48356d80312a4bf46a195085c,0,0x05a5E62CEBFB3FC3790F6C85fA620E82b5C58BD1
17616413,0x3e92a51d99fafde7ab96fdfb116a8b20f60691e9fdf31293174fc6669b40a63b,38950840000000000,0xf89d7b9c864f589bbF53a82105107622B35EaA40
17616413,0x8527afef53092d30f68d0c9af9550650349b64c1f9f56025e1de13c3a7b2aec1,813889640442728221,0xA3625Dc1e9bb522a8e208bc594A7C1759b435250
17616413,0xbcdb86c57a29c21400db331cf20956ad0bf9ea7140c9d6c43d09980f668b9cc5,0,0x6cC5F688a315f3dC28A7781717a9A798a59fDA7b
17616413,0x4f3e27ae2cbaeec49e844bbd81804188309df9195d726c6322495d54c62ba6d4,0,0x5ba9C18733FD90FE8a07d11a25e7A6b1e101Fab4
17616413,0x5a1a0dcf9a5811dc6878679c9c52f706721d18d85b3c6fecd09d2d3695bce9c5,25418452248808352,0x83eeaE1a8b516FC92E59b0830C6dDdFb1304Da3c
17616413,0x191cf95e1363059cec2ae8ec9211cb7d8ca699569f13e6604afbe7451efdde71,0,0x26A27ee3613f7c84DFdA559F0f599E90B4389556
17616413,0xa6695676795e6caab831d7a21389615f5d5febc9422a70c0f83e265c9304ce74,26931094767795212,0x28a7a083511186B9A431ae84CeD38aab24eE7AD7
17616413,0x3c0c045b00d1eb7b0870a43e561f29e432900e5fa5fbfb2cdd0eab3e10ee74b7,3811780000000000,0x58b704065B7aFF3ED351052f8560019E05925023
17616413,0x29fade6a541abacf753cce8efa24c0a4c77c95559b8b1d84de48a62053ea9806,0,0xeC30d02f10353f8EFC9601371f56e808751f396F
17616413,0x4d0f6b50067cddb67feb0966e5f68077415e8f33c1379641c8a94d329a63c406,0,0xf16E9B0D03470827A95CDfd0Cb8a8A3b46969B91
17616413,0x0af0164322737607f2bd2d5d6a2ac21760200ae6c52fdf30d9591445ebaa670f,0,0xf16E9B0D03470827A95CDfd0Cb8a8A3b46969B91
17616413,0x68d47f5ac9995537b59af5c8cde906b868eb7fa0ca0c16dda567b5bae6672ed8,0,0xf16E9B0D03470827A95CDfd0Cb8a8A3b46969B91
17616413,0xde167f6f06250cd4d0c6549c362ed226ff0d796e7b61c98a6ffe37c45a82644e,0,0xFE0c760CBcb9dA239b9bA805f0aEaED3Be84F65A
17616413,0x6c65286a8d0dedba22d227bbab9b86ee9d3daef1dd4f11dc71b184ca25493366,0,0xEA16bD34C4aCc25c66460B806c4e540fD8dAD52a
17616413,0x17e15b157ba8488573f4f25c9554ebd186529e75f484e13e1e0c28449f6a3404,0,0x0D785c33bCe2D09e521BFc433efe42Da53d3A898
17616413,0x21b80585e5d3e0d6dfb570f0bee213ec7d079d70d59f642e2306e92be6b8ec19,1400000000000000000,0x6F21224F812F3addF5c8331ACd3a92747B25ea91
17616413,0x54bf65aaa1f163aefe8f7cc5ac51c31295bf401172e2b3c34aae0442421d29f5,0,0xF4DCC6C3Fa9eAa715B870Eb68A4b3c6e1a04cAa1
17616413,0xfb56539da3e2e2592927a6be5f78dc05acc53f32552ea44cd9ff3f741fc180c2,0,0xa4a0A32D9f313b8eD5a853139502A537e9e7a1B5
17616413,0x91575b281e77a079603efd70c664ac30886355135366de476590d3ff531ce946,2582145000000000,0x5Ecddc1AC099074ae965D140A7c62bd71B7Fc80a
17616413,0xebcd84b2fecdb81e54aa33b76d55660116599e747d79be00e8d207d2c7578a9b,100000000000000000,0x94F84ceC9f2cbc7EFD0DA34a8c00857a693B44e7
17616413,0xe0c13bd9715ec4ae19a648efbce46a142aeae5f95708437e9024344e351d4252,0,0x4C71bEadAfD386b838bE03124B00E52Aa297f780
17616413,0x0f851cab5cff969e0738c8778b13816be8b35bda2fe81be11869648284789e12,0,0x98049ead2453492B89939F7d4c748D3e1613E478
17616413,0x93d79cb5ef372cebe2ad53b8131cc78a76cbef88708473ef30e0aad7103480ec,45385279146305232,0x78f4738401267dec5b95928cBADaE886ae750A80
17616413,0x8aeb59a83353403c00a28de60fb7083177ced8b1bf5ca3b66f1b9b3a16551ee4,3200000000000000,0xb3397A6FeEdff2b9fCe9Ca1086CB1Bdd617c16Bf
17616413,0x76a7cb3f177acca11426252f29fa1df647966d8844a3b352a556a221bbf7f66a,0,0xa663801D93b57Ac990467e0B91b7e0f0104eA5AA
17616413,0x01e216956ce5c6c2756a848cdcda713fb46bc2163c80946cff9dba9c12067065,2000000000000000000,0xB41AE052D7449a4640f27997a4AAC2f277dDe259
17616413,0x2ea11913218f91e949c744a88acc4aafd7a1857e731894caa13bad497110add1,8000000000000000,0x85f5130Fa5d2B3D802F9832a722fdE2394481786
17616413,0x0562c89d1d12d3556c352f2485aeafb6a06e0ce4e56093b77dd127fb85b929e9,0,0x8cc1665ee965345e79B132adb124782baD8C78E0
17616413,0xa5c65110f54cc0a9e1b8b7e40b916ca5b88dc8997ac3f68bcae4883101d9805d,989255740000000000,0x077D360f11D220E4d5D831430c81C26c9be7C4A4
17616413,0xe615403adc6f67d73df385b4bdeb950fa562d742d8f1a8f7533d1f83f4544687,89295120000000000,0xAd5960a3960cAFC22D88D136dec415bdB91B55E8
17616413,0x8d65a3c678998f9fadfccbc972fa6189fe4096550d91bc9e8d9148230b0bd923,99692000000000000,0xbA1034548B95A941724A78aD260811682f6E29B3
17616413,0x26c9880254ddad75d62e16565a62cd11dca4dce974ed2bc21938ca6a3cae1ca9,0,0x2FbD0b915b3aB83e41106fb5570C0251333FE24F
17616413,0xc5c49f616e1538db8c48079733af0a319b8f90e6e4b7bbe5af41a7df8e19e98e,0,0x746aEAB3CF80e4da9E5BFbfC32198F4C423a4fcC
17616413,0x2171dfc2b15f9a56ae7a3d80505f0d2f20fad260736fc34ec23c1c2267911ec7,199706000000000000,0xba8DcB19F190f096E55a584b9cD0dB92e02d955B
17616413,0x6198fb1a421749a703de428eefcbd4081dbc6f5aed4a4bc3cafef0d941302f01,0,0x7CDaDAd2E05DD29DCB3D742fc944794dB176f253
17616413,0x9539cdfbbf06ff82324ea2a7672e379e0af4cc204ccccecdf85c42987314310e,0,0xDDbA246396f7C24A0187876b968a0303dbF63465
17616413,0xf401a8161b9a19e8d1399278ed76d504212b7cde3f5dab271e667b8bcec1e583,0,0xd24400ae8BfEBb18cA49Be86258a3C749cf46853
17616413,0x22ca798f3e0e13f1ecb82a3c75302ad5a19fc86f6fd2baf4fe849c6cf21473a8,0,0x1A6350CA456317eCF239F212a1a6f71c0C05b937
17616413,0x49d3341bbb0ede9e072ada376a832821aefc815d60e739f03c9990d73409c3c9,0,0xb7Ff8Fa6ED3b1DA7FfDe127144481a45580aB1f5
17616413,0x910a523e9a179aa3cc1672dd057e720cf3fda33ca2acd0c48218ba894530b499,6000000000000000,0x20A70aB41F7ad04191B974775aec1Ea34b5AFbB2
17616413,0xbb7b0461d807dd056c60e782bae28bc2e640973a14bf4d6f74a93c836a8ab21a,170064603401602888,0xF8d490D5b8CEE46A8aACF04C15faCc0594f8F2cA
17616413,0xc89eb5023a45b1d17f0105e07d9745c9f3913237ee576359acd93d192edd8f56,0,0xc78046Ae7F477eC2EcB84b9230e2FC4CD1b16012
17616413,0xffafce2b7cbaea835a13a3eeb2690dd0a6ec5e7227e53867de0e1d9f8cf8e694,495000000000000000,0x51AAdaf00c937B8B69311f48AB53C0631eA7b2Ea
17616413,0xd4ad00a0fca8bd9cadf51e85b3911180aa88173a0f076d53b9fa9617cdb983ce,0,0xFBDAbbb70B6C8bA2573D4C962423D6eC22c9A55d
17616413,0xa646da6495f1cb4cec1b54bc68103cff1e2589d6baec8dfbfbc16cab3af3a3b8,0,0xC85295319F2A44d67C1B9Bee069715a521541211
17616413,0xbc468591e906baec1e67345897c20114cf3fa4b94dd4e7e7b485665bf115cd0e,730000000000000000,0x06ee53A8e37A30bd9b9dd7Ce138C88073d9E80FB
17616413,0xf584cc0fe7dfcf11e34ff4383deaae2b4ecd55a182f459ac4b9acb7c233f0c80,5000000000000000000,0xC841b289918A1a7559263BC4C78AF1ED15DD49C4
17616413,0xc0eb5b8be4bdd1b11e5b29139d1469b07f76d4012a30ccba6c84d61c180b7300,0,0xFa36a852c4908C9d38134c8Dbb8e8B223cD0A819
17616413,0xbe96353eb12acc90026ce26f47e4215be0b5466b0d60ddf682ac00203c9b552b,0,0xD9Ef77082C3E4066d7d629b74c72e09d77f9033c
17616413,0x29047369707e409463137573c48a2c3ebf1fdeff5f9559cb2598e31bea3a4737,40000000000000000,0xdAEFFa23990F7cae2C8fb137beCBf9aD99794f54
17616413,0xae898789daada7d3f1f89b2f3c1a3b111be786dbf15459337f50c80ea08c46ae,17985077888513839,0xDFca69297Bed5b4D09f47664A4827BAE8B142f0F
17616413,0xff2884368832cf7e52bcb5cbf267ac0b821e70e8f4683ebac60a8bc00135d858,0,0x4675eA33ECb86aCf64Ce70dbd31A30083145a366
17616413,0x70342dbbe5b825cae8f94fb36f40ad49fe953af364ba7c86a39f4ff31457bc14,0,0x4d144D617849851B8dC6e7a87e485eF95E60Eb21
17616413,0x1f2a66b59a5f51c3dc390138805f397cbad4f99d306f91437827bbe5ba963f2e,137480360010204401,0x7a8d832c9F0DB89549425acAC3e942D9AE1c606e
17616413,0xefabf87bcf198148c2ad1e9a4540bee1085243fff55f578b014a015b6eee63eb,300000000000000000,0x189ecEbfa5D3c5EA82d5172b1069c3305a0a149A
17616413,0x4863cf9fe4ba38654c3660c73b6718ff83bd34db5b730655661d7cd2c869f68e,0,0x4417952e31D1EeB250B8999334C6cF9b8309F13B
17616413,0x5106f64de441d71fa40ba8e55034bba04fb3952b1fbce043dcd8ebc0a08a3960,0,0x3d26b43dD2181471b46cF484dd8c06C47c050d4C
17616413,0xdb5e263316a1cedf190edbdffcaefdbf32ad05c80756d0850e2a3c850f69f8cd,40000000000000000,0xD4bAABe674693457b1B6056194FcF10cc0F55151
17616413,0x1463f0dc4bd0e63ca5d950cbc41a4ccf119bb34d2940fb873984eb248bef0932,0,0xABb4F79430002534df3F62E964D62659A010Ef3C
17616413,0xbcfaf71966b454a976a9740607fc0a21972298dbf93313b1c8c854707087ae81,25534300000000000,0x562705662fD97C3b74132Cb5F460C1b600Db2b1d
17616413,0xfcdc73e9a9272efa940c46e18f9a47d24948ed2203329e4bf49d7c6a322313bc,0,0x44960E55725791Ce8895572cc70c2C6f48Ad6723
17616413,0xb1b23581038be402fd0f0d0f90b43c4c0ca8e586444eb6f3d7bdc4afba321f8b,0,0x53BAEfe8503B63Daa1a9e9722D3eC71Da699eB3c
17616413,0xa796fa25fb4ed5d95bac82895c0e880d894060c2322ab1af98046c71866446f9,0,0xD7eDD01E048D00019671dF50d529f35b13Fa8234
17616413,0xfaef7e1e0a13f8b574ed0b5d9b2c11cfb162b99b9bedee567f485f7c51c5039b,1887603495113824,0x922bfb4E460EAe6Ac3F84e1C5AB6D67a16CCC0b6
17616413,0x41efcc44b13ab1b471c8f24a1dd78a95e94b509453f3acc7941ddd9298978c1b,16701518287242217,0xaaB9f5059ba3843258E8118f36e2142669E3fa46
17616413,0x3d4543c956cd20749d52293cf9f0a6e4cfab57646d398fef6c68ca31e8ad0bd2,0,0xb01C5Be609704E9901338d182F92011656820062
17616413,0xb47998725efc14f1952ac2781861be8815079e26a14acd51e50fb97a7f434b30,0,0xD120F234a71d76AfacB33e2ea3CeAA2381671343
17616413,0x62b86eb3431756ec6f15473a1296c6a224e415ebfa85b315f8dc14d0749b2a93,512000000000000000,0x14D46A5f69F25895c48e52ad18491E05591617d9
17616413,0x31eb616c83dfb21b0f22c897244576a2131ed8f3cebf76967159f103c1aaab49,153339183740158337,0xb1F7197aA6c4bC57E1364da9aAF5e5Bb575c9365
17616413,0x5da2bcbcdf0fe8be15b371b7be9d89b63c6067d4f6a5767f1a75b3848998bc21,0,0xaC9d278cd00851FE90B600f7EBb40Aa6dD922373
17616413,0x540a9ef9f81ae7d12b4b7d9622543b560e144492ab830dd7ce5f624f4f01784e,39868187772441168,0xdbBc5B5F208CAaD7Dc0d57bDF5C8d10586F5b6B9
17616413,0x9cfface1a7cf3816f86b36b6f7e896d6b2c1cae3780eda06e139935b304ae922,27341518731379916,0x2E654C0FB467ed84efCCcFeadBfe680b8eAcE0F6
17616413,0x48ef096a788e2986fb992733d54dca5ae562d3cbbad59ab230df50842f0c1db1,4019410000000000,0x8d769A323BE84a5a1279f6fB24b25Fc3F45B285E
17616413,0xe6c22215daff0c2c47c1c9a87cddb4b8bd21b9f120f77dbf7e8583500f19d4c6,0,0x6887246668a3b87F54DeB3b94Ba47a6f63F32985
17616412,0xe484fd29a9bad043cdde5f1f2151e050db0aaed628556088fdffbcd9c84878d0,2478071,0xae2Fc483527B8EF99EB5D9B44875F005ba1FaE13
17616412,0x2f7be23c3058464d89a80b1acc9e85baa17e68e5cdf50b246da3968ceff716c9,0,0x3092670d233E321bEb4Ed7ab106768C121FfcaF0
17616412,0x82e967223a06ccb90762dbc2b00e6eaacb75ad6a992388928bcc1b6a8aefe845,100000000000000000,0x00d9c57E2AE4252724581590d0E8CDfe35aD0Ebe
17616412,0x9b4fa84d27a2c4b3b674cb5b2ce50d34a952a924362b3012ac1b246e151cc43a,2037026,0xae2Fc483527B8EF99EB5D9B44875F005ba1FaE13
17616412,0x26e27e9b09d2d667a22a6b13805bc0d93a8bc44dbd5549b3f09867f58908685c,25000000000000000,0xcFfEDFa3Fef4f820E04a52ED01990F4E6229F565
17616412,0xec6b68834f5cf8b9099f617717146181a4c2aae4ecd6f7da100db5c3b9c0ec83,30000000000000000,0xc883FD96079408D1D55Eae9aa134F1a76248126E
17616412,0xf256d2ae128ce7dd314fdb8e36de5642651765c73e70fed92da5e33653b9dad2,0,0x2C89f48491fba26d1E9B1F9AcDD8407c809BC715
17616412,0x2bd90124b3cdabd009993773aa3e77c0b47d8772842ca453e6cb1cf28ad26232,10000000000000000,0xEA16bD34C4aCc25c66460B806c4e540fD8dAD52a
17616412,0x936e41fa8815532a44322890eb066140685781e45bb171f1543da4bd937cf2b4,20000000000000000,0xbC1EF2b345F7355350624057e4f59A580Fc996EF
17616412,0xea596df3ebb80eb89a7ca4e05d054a06cd1a025d9239ec874fd801c9cc22937a,165060130000000000,0x083D7668e578F3938f84D9a2B75A5292d9873Ca8
17616412,0x9c743f80810840c5f36788fd7d76279205cb275ad4a4158317cb04ac81c2f2d1,0,0xb15D57E844aAEad0E5b1b2B919344E4A52312084
17616412,0x05e3cdfcd9e5684af5468687e94bf6ab9ee292c687ba506ce49c8db2d04cf14a,0,0xd55bfa416bD4d5BEd4bA84Fa7be6C4507De07C00
17616412,0x65d3d857571691233372e69d9e999bf0d566b55052a78b60d7c5e8ab4d022d16,35420394866970116,0x6D55112d6Bdfc8d76D03f31e389Bc0eA140114eE
17616412,0x6a77c249758303965a41e3269fe021e2e36525ed32bf1c52ecc539e32422a194,0,0x1e9D349CeC77FEA6481F009593101d0e20a69490
17616412,0xd6318b4bf2ffae14641cc9e46c97494ee92214919216e48fc2e7397543d1d4d7,574999900000000000,0x6Cb8544CD4F894837E727Af1e4Ca65387DCf6338
17616412,0x425cbd26dc6785e2455acf06e4fb5f2a0d717d66dba42430f95a19830d4ad3e7,40966545700186887,0x7C72388ECD9c9dbFd6da7d7527a8e35BAE489e55
17616412,0xb06e428daa1b52ced9a08e5b6fc55af4546b0ff8e477245641161613216549c6,10226648088255973,0x4C30E7a7afdd7b760a5Bb3033155b69071f9c298
17616412,0xb16ef8ac60b79026f3da222f7fb3e5f1c225515c749bc78941c4fd5645678dad,250361110500000000,0x636Eb42555ab814c4FF29e438c410F88014EB512
17616412,0x5a194dbe99ab4445b1efd560d3f1dc3cb9356d38e8a605879300623c0f381b94,0,0x819232cc173ddC8C860C1072217f18a1E7aC1B27
17616412,0xc09785d078c14dc8e926e716e99a67dc33b6c10cf7b201538e9153bd5df3959e,0,0x2396c85129861Af82B24F3e797026C47A8632186
17616412,0x296a730ccb9887825233916ea0bc5f90411390b0bf7cd720328f72c439b8aa14,0,0x3D66672318a349a443C51a2d5332b88670953af4
17616412,0xf401555a8b572a6949f772f02126ef88779fc90f37ba39d9fb4874c3b26927cf,0,0x5aeD53D31810559C10eb2dccAada073AF499AdAb
17616412,0xf12293fb709c9e83cfa480781fcf04991e997be32cffd5ccb4f797643a31290e,0,0x796035b95B0F9BdD637E8C67481dFE7285F22720
17616412,0x623a7512116f3a8ff785b504d53a78d549896d4d5a55ce6c91fe4ce620cb1a96,0,0x39af392f2FF6011F255bdCA167d96d07489C31f6
17616412,0x81104773be7b44d4dbe2f1c43deafaad496bbf1a8fcd99ccbb2b7ce80fe73bf0,0,0x3a7032B305078dDAEc04e1867D0B1B3c9eee9dD8
17616412,0xac70e7630ef6de3a7542b658f465f927af18e0079d7c28dfa05bb1f33e0fd9fd,0,0xc063696bD0407820847030db6baDD68d253CF5b8
17616412,0x54d68025d2e43538234e955df837eab8f321556cf8efe3f58e8d4e52cd6ad190,0,0x4cdB367EeEB683DC5CEE0Dd187ac7B095C25Ab44
17616412,0xc59e00800d487f500781501241b9617b4210d3002cc82c5bb7803dbe2a84d6d2,0,0x4826926b67268F4e93325AE41A8C30838e79b2aE
17616412,0x2c7ca5e63d868594e776ace4bc072ca38b65677f50ac4b6e58ec7f48c77cb65b,0,0xF15Ae62345F4e1f1B766a0745e63Dd04Fb941700
17616412,0x19a04c1949f60fb48b2339f5b54cf4ee895dcb33d22307a1ba5210a865fe8e61,0,0x40ec9f1c1Ca4C46AEA617A3f7B66376180130ce9
17616412,0xdcc8f5df3cf1b38fdb1c1000512ac49d8258d105a1a70a48b5664697ad237dde,0,0x1B02D3590f5A4cC2d51D88F7673Cd75ae6409bCB
17616412,0x8d5e38bcaf2683350d983ffd07463ba474aec57d08d42276d928e3d123fc688a,0,0x2aD3d947a7c70804D4759f4f765A83866Ad0F3EB
17616412,0x53f4f8eec6299f4e8123b4ad292b2e53da9adb6bf1fe7b02021673b9b3c49c3c,0,0x985F43d35E92a30C31436f5D8679A058840A30dD
17616412,0xe0ef1b2f305c036d82dfb140aa9558590637348ac5ab5352da1f510b86ea82ab,0,0x6C31c533242cbeC5907E7Bc3AD07F3Dce5dc3167
17616412,0x5121dbd2de4fe73e12dc6bdd6b4b8c15d997ffc2a1a45b35c27de5deba2e2779,0,0x600FCaE728B5E27692dEAdA65bF121Ec235cf2e5
17616412,0xd9754b498dac9435e7e057cb9241c038e1ad0e9521720d96891ea38442465e11,0,0x3AA29c82e16790ead4ea3E446c223566Ad20e52d
17616412,0x00b9477298e27d8fc3ca787d0dd7b949e31e3ec6bbc37b5c6e55a2c5f8e53605,0,0xB1a9E257D6705DE0297FB69D03DeC3D2c00618a0
17616412,0x10cddf5d9f0ca403729b7fb13bb5da0f844df9e7448b040e27b27f12ac5e3705,0,0x71cA9b3224795E3B935611aF55Bc2491E6e19ea5
17616412,0x16e388a1d57dd4289eed7a47ece62a027c88eab7d0a689d43f9d427f12156dc3,0,0xE0098fE43726d1C383feC76AfFDB630ed2c1f27A
17616412,0x1bd510a1992d091185aca688a218a1e00ed523cd1ba935bd37561eb069c2ffc4,0,0x27532e99862DDE2e759959A504568622D1d10702
17616412,0xf6f2befca42579fca1f0858a754ecd58486d1ac88b59511d72ea293baa2a4f1c,0,0x5b34060e83b2A6efC3343B71a1400CA6C9C11638
17616412,0xd9038c4c9e896e7e9c5196aba6c5d153980d67bb6caf400199c422a11bf7f210,0,0xEc38cC3C58a827DF03a67FA45DFd5DdEfdee19E4
17616412,0xc35bb9e2933647d151a17fb183865b79339e848afc50ff5670cbcce1f01e4f18,0,0x098cbdd8eb01b19D37539644821772e9bdE12D55
17616412,0xdb3f5d8674d7e2719a52990e9a07c8a1a5e581346a19c836b92a471b1c64e6cc,0,0x3A72a5b238ff51D6a7eBFCc014C6A1b1aBC6a29B
17616412,0x41b2045293bec2471b02dd79c65f318bbf7611f06cf24c0a0667911b6487ab95,0,0xDFd5293D8e347dFe59E90eFd55b2956a1343963d
17616412,0x612a2b5321a1b53950ea436bc3f0f7b751c92ae34a3f6990e82d0778806396ac,0,0xFC426a7850205d2AA7d0414345E7C9D7C2e8dd1D
17616412,0x12fad1d46d2337d4895d26f295f772985f4aaa2d76138d808028d69d16afe9a5,0,0x1440ec793aE50fA046B95bFeCa5aF475b6003f9e
17616412,0x4d5ecbb77dd022c9ea5c113e335d00a773f5a931352b671a95a6f52061e0f953,0,0x16e2E5C0DdABd7A5F90DBCB16B3B8536f8282D4b
17616412,0xd218fabbb6065a07bb4ea1865f070ce84a0506ebfb0043dfb60c2fc8309094a8,0,0xe847041185D6f16039b7C791dE1F94D59c2c4baE
17616412,0x64471e30fa53351122b538511ebea37e1f3e05ef6307636d180005577ca394ae,8912600788600000,0xBf98679e71D4fE2bA2f34a4A3c9E87789e06c23C
17616412,0xcd68201623d861c189c9e4afef6b5aebf42fb0c17e00f5858a30d70dd4c6aca8,8912475788600000,0x053D0fFDfFA573a3705edB2f96ac6EEF5c32a78C
17616412,0x5d9c58a787bc7b29a39e258c7d2bca53eebaa0ad9dbbeda6dc11f9e30ae5d55e,8912617788600000,0x903f76988AB68EfA80c6db6C9db598F538E0E0Cd
17616412,0xc4ce1eae4510998d0302a7839bcbf44bb4b76b82d149db0c100a57ce04f9d02e,8912543499923645,0xdd5f4E14819B7bCbc4D26ffcEc1782b8CEcef992
17616412,0x99c476ce734da92b94185d0dcf255dd2342dc2f6a11aa83a098a80c75e0217f0,8912553788600000,0xdBa3ABf5213A59FD10Ee902049fD84a44BfEe6AD
17616412,0x738f6dae6545f944a73a2aedc510c4e2c2b09d628afbf0bc7d02fb940bb4dd0a,0,0x58b704065B7aFF3ED351052f8560019E05925023
17616412,0x3751dc5afdf97c514119cf126e3986e5ab2e0729ba89c4da2149b4948f7508d7,13400000000000000,0xB287eaC48aB21c5FB1d3723830d60b4c797555B0
17616412,0x420165209b4081826ab2a68d6f98bb24930ea34ce56109b95b4cc6a71c8e9770,12000000000000000,0xd108FD0E8c8E71552a167E7a44FF1d345D233BA6
17616412,0x2f957f624cfdd5f701e63104b218fda26d34da81e7eda80f6892394bf97d3621,530274400000000000,0x4976A4A02f38326660D17bf34b431dC6e2eb2327
17616412,0xe4164a44c703f84ca44e0cb46afe195359079e4151f92221cb93e0ee3ff3a1b9,9006000000000000,0x28C6c06298d514Db089934071355E5743bf21d60
17616412,0xa6345ab0c57af1a6c60ad429d5e8e8e5e2fe6f2dfaef20f899b6b73048d18318,20128000000000000,0x70aC52Ca3AD4CfbA3Db97364a693526A5C563F26
17616412,0xdfba72ee4cb8fac1d7e3a3e056259240fa0907e36f9e3e4cf7e1d008cf25c95f,74980000000000000,0xf60c2Ea62EDBfE808163751DD0d8693DCb30019c
17616412,0x9ac61817a8b4f008ad48b1b4eef92df2112db817686de64cbe54688a9b305566,15339972132383960,0x14eB7989AE42b5ebeD38f7D7F8c4D50B516D49d5
17616412,0x623c1846413d57e535d15a6cb423063dc8a929bbd6c028bbfbf336dda266323c,256473500000000000,0x56Eddb7aa87536c09CCc2793473599fD21A8b17F
17616412,0x3b82c1a52b9edbb5c454debf939fdc0320e76bd9ca23074cb06a8e2b22d3daef,183938000000000000,0xA13F9d4a0C3050B4Ed209A5CFE604b46957D1308
17616412,0xf78f6e8b76b64c6c4c8bec19749d48708feeeaa2b661266375f6f9598ed2d647,2221430000000000,0x7351211B09eD9E327f6F680E838667B20362d5E5
17616412,0x0ffbb89e8b8fade1c563a1d6859d0bdd526d1cea004b0e00bb515df2ce1c8b9d,5340339618781081818,0x3dE0Dfc8C1d81FCBE82057D3C14e02c9Cf37412a
17616412,0xff238656cf9a50215518ee05027ebffdd6c45993d7ea54493cf11a82930552a3,0,0x164a335C35B2115C280A834326A0F7329Db6a283
17616412,0x7264ac5bdd37e6e95a0fe65fefb2040808110aef20e5a23fd7209eabd26ef721,0,0x38A0a3813C5FD0aA5fC0B1C12e73D4C24B1A8b51
17616412,0x8111bf4327da134f798f008f7badd1adb8a6fa33b60f04484baa06236d5c6070,0,0xa1693252E7a7289311073C5Da276b5c14c884540
17616412,0x660bcd254555f74846013689cd88aa3f30845bcca873644199b18d6f63072638,18913728575761000,0x9be7B0f285d04701f27682F591a60417C47d095A
17616412,0xcd943c13d9b1b70c148b188e61f3e81ab7244886aa8006da382ec4fcd93edea6,1750000000000000000,0xE25DbCa360a9715b92800c3B3838162341577dbf
17616412,0x3f861a20ad0ce860632a4a2f54e176b9aebdce5c3b4919a84a70b305320ad469,244571000000000000,0xB154Ac60147F5a46D16032DaE50a7e26f33e6d95
17616412,0x17aa079b2219ac65074872f7a688c01969f3a76782c115d4e87895f8ab275e09,174573500000000000,0x264bd8291fAE1D75DB2c5F573b07faA6715997B5
17616412,0x2accbf329a2ad543488cdd4eb7bcf03095faa2d204ecd94f60977de309b43700,4260000000000000,0x4E5B2e1dc63F6b91cb6Cd759936495434C7e972F
17616412,0x77774f38506d08ede06e897ad54a5edb0b1ed7c7492f13cb79cd5e5d3fae50a4,120000000000000000,0x4bC5f8d5598ab178dFA5EEd96843C5f6Eb12C155
17616412,0x7d85fa6aa92b3e65db494b08aeda8b66d3f13f1509fa97acbd73324e80bd1e05,0,0xE0847fBB6581987CA66E955BD6e5138A3642246A
17616412,0x65776835a18e8e5af1978b998bdab11c956c764779c564a21d56e29ffc9a3510,100000000000000000,0x7CcCBf82C6721F4F09bffCfbb1F71B1Bb9214C5F
17616412,0xfbd31f9978c3056c28b821b1c9e99c6c75088ac1e01fd7168da3dc984cee553e,11420200000000000,0x0B24f84A31953f1eBA315AA38d57d3081d8c1987
17616412,0x1bb0b9b32e8822c23193f1fd73699a7aa894a83f332bf94f6233c086300c643e,0,0x7fAa0F4252a6fdD90B0EF3ced11DfCcCB0982eD4
17616412,0x7249dffef7a81f4b812ff5b0e0dc1c12307febfdeb86fd03f7c0f58ee928e56a,35000000000000000,0xe6dcee537224C24775a122455888B177aFaB38Ad
17616412,0xf2214bc1fa38e6f630beb78826924e90b08f94944fb937f1ba6df92baa1b5be3,0,0x793cdaBb7cCD0b78ab164BC64b3F497d2B3C7b4C
17616412,0xca454d55977873471423110894cca2b29b212c591a4b461f9f2acd1b1db61d60,0,0x3353cC7F08dDE27825379AA6709BEADF899537b0
17616412,0x4fc21c23e5fec63dacd2475f67462f61dfdd6dcca9286b9415c70043c9c182d2,0,0xB57185a808d3995DfC21d9F4575df81AC20996eb
17616412,0xde151964f2e1344bc904fd4d72b199029c5461f154b068956fa0f0adc6be175d,0,0x1b60a111d39b525cdd2C1669b0257cb00857b33B
17616412,0x1197f8bc91ccf9435d96f4dca2f9bbb06fdd4379ce3775e59f97c7071908381e,0,0x7353bda2EA774A01F4B2d58C984143f2f4f7FE8a
17616412,0xe8a4c38730df0b2d6ba088d00769e3013f8b9cbca0c827ef7a5701ad40856c26,0,0xa885Bb1bC5Ba06930eA275ADe3cF22fA86f6C0d7
17616412,0x74b9b4c5d4793a46fb3ada32c5122a01fdee9c8b00a87a49242e141e5aec6cb4,0,0x3D4c2Ef3cA4a2671Bd4301ec0a516f2D7d752f83
17616412,0x42fb4b1337473303dd6cfa228c8617c1ec676891f6a4811ac8db436d55ffad00,0,0xd80Bd997a361CC446d48bd06FdE38F9D16ed992d
17616412,0x20528e94941af7424cf3e5f75fb2836eeed23a389e0662d89425063e480e6975,0,0xe5dAC8a7C6F33a9346158f13B24Abd17e06eb992
17616412,0x16f75708e9269597a782597fb0a847a260f6e47f537c19b34d59468e0b224621,0,0xd20FbF1253e73a0fDBA9FcF9eaaF0aAeC2c74a47
17616412,0xf9dac4e96c80e071b6ce3d56278aad64b4750ccb1fcdc135049af78deeb9a571,0,0x130743FCEB110E2c58bb979bBDfA49928A67050f
17616412,0x0bd74f5517aaefea39c0d136a27eb418da562e0ffcfb424de2d97ea166a234a8,0,0x7aa1855d22DD9308914c5455e9185fe5fb2D8e25
17616412,0x80df0494d81ba33ac0aea979a0662b972c98a0df9b682d743077c12921c32a76,21200000000009004,0x8978849fC3B2e46b2940F9CbB8f67930DB68e704
17616412,0x064292e17bbabffe8d113e601ee76858f89ddf41b9548965490ae5cbfa1326f6,0,0xe2f5df32F6664021A8614F4E36359421489156d4
17616412,0x528eb3b0d5d212fabc31e9ddd0a67fd6d7d152efa01012c09a924cedfd8a6a10,0,0xe0F8C36Af7ce0C4076E6dB0ed5452edDadc2C61D
17616412,0x365e25f0687ef510ccf2131d4702b0155011fe7737c08160c2c95288e570aacd,0,0x9C309fD424843A09d31Bc809C403F97CE6F8e01D
17616412,0x0df21e5bd9d07a63efad5085ea1c79547530a06b73dfeb96728cdd7f343d93d5,11168000000000000,0x5263bb6f9d31BE4da2A96A49bffad6242d615A44
17616412,0x8ef94df7ce5715d9090cb8c780d9735e930b35f4f84f4a2e964baee3717051e4,2555060000000000,0xc678f5DdbE4722C0BF27D3365F9fE519E195eE9F
17616412,0x7c75160de3614315c93c7744aeccb61139292164a535d557139ff3abc954322e,0,0x9D3de545F58C696946b4Cf2c884fcF4f7914cB53
17616412,0x3d6051ac03c2686386c390daae5dd3300eea4288d4b9a0cb9bfba9df6e844722,220000000000000000,0x09FBAEf6B8156d20f4Ff01D48b11DeEEB4539547
17616412,0x9c794909dd08b75ac8bf17d86d502eb4eabde5406076cdc04bd9a943298a6b08,25600000000000000,0x0fa9E2A9acC7963C4d2d4e62D372aef1D7A993b5
17616412,0x1dbcc5a58377e15dd5591c2c9ec091c02bc2d5e4f52460fd8e53fef8d5e6f9d2,480244550000000000,0xC12B982d4409bf1Ded94734726daeFF4CD63Df8d
17616412,0x7dd6a8fa04f44b1f329476043d7c4b112d3d68bb559895325ebeec85d3707d1d,13234309880636799,0x4Ca128cF59e226CAF197732427e7d744a73746e9
17616412,0x939d9e4453c72c1c08d6c48b5e208795b907585937b06ad7953949b2b26f16db,1837001019605639000,0x585379a1230C5e7855664927EEdc13B6F2269b76
17616412,0x1ad8303f5aaa7cc2f75a2d734f6fbd8ce9197f60e5d3f52dc1c0b9263928b097,40000000000000000,0xd5CC867C9FD928E22B4b99Db7A665281b8BAb2e2
17616412,0xbdcd819fd21ebf0bc5b927ed2e43a92d465111c02489300170d7051b23239ec6,107000000000000000,0xe2d9Ca6c3F68e7d9a45bb82d42612904AC72D0ed
17616412,0x021017d01fc9ef85ad997a71f510e55fb8c9d3e25dbb31040d79bd44a9f7f47d,11075430000000000,0x0784ebc0062f108348143a96fd9f46a9CeD9756A
17616412,0xf18bbf3ad6d3afcad549b339273ed6ab637ef5df4a60106a60df248aa933381b,671,0x7F58b5E5c0a60e7f2b09FbCF979a1834ec9F2fFc
17616412,0xce3fac4b8d4e68a558cf179fb9e966eec103db4e7d3461fa095eecff93b948bc,0,0xD58DAebf16F36dC355c3D43Cc49249E1fd934289
17616412,0x943d118dc369a0cabe85caf57f85f73088d4cb81586309202eb098ed6ab00711,0,0x87cbc48075d7aa1760Ac71C41e8Bc289b6A31F56
17616412,0x39ddb905fd45222cc6c65b34ce6e40c491114592c850c9240114729a0e6d4552,0,0xA72BCCDCc983b567635c5EB62d268198226DeBCA
17616412,0xa9a14de2b675c96933f1aa298147fa3392bc73c74231a73a783b785be832f6c3,0,0x1A795E86898CB5e840c5725740c2A5B377A1Aa91
17616412,0xfc7aabaf66a4b4fa027f013bd6aaf9834d179a50f6602b5834ac2c8163720885,2000000000000000,0xFbB924fBaD131a6A7D440C1A8E3cB0cc6530d557
17616412,0x12b043923182993e436f722d813d761061a9b91eaeea51af97e7fa9508233273,4011000000000000,0x3a99f5DeF372B4887fE45aF2Cb5EF1Ffe9693B09
17616412,0x24679dfed510aa4279029c701bb40766045febbf9d87cef79544ae45976d2469,0,0x9d3F56186CE4bA86214AE9127e07491f2449D698
17616412,0x1917a1c4db9b6774c6b8430bd9a1a4b658cfc47c4468e8534e57cd432139c1fa,5111440809194824,0xA13F9d4a0C3050B4Ed209A5CFE604b46957D1308
17616412,0x1c2ffd66ed1f295395adb092af322fe1e50145f4fbdecf1ef2661a2783f33f6a,15368070000000000,0xDFd5293D8e347dFe59E90eFd55b2956a1343963d
17616412,0x1fd68c4eb2c89796bd8c22cf826d6cd1ba6c446af6237aa834f3f7d904cec097,15000000000000000,0x8944f4E4107BcBfc42d699FFdB075858D4EEaece
17616412,0xad991d16359b46cb1c417bfb242ebb32eb3707e973f93c135ed53313dbbff24c,11486380000000000,0x963737C550E70FFe4D59464542a28604eDb2eF9a
17616412,0xaa241df7a73b997eb0ef0765e30dd0b1c494687b4e92e7a219744cda664ae399,48674765708047000,0xe71b511402e7A472b874BdF1084e19605803f323
17616412,0x568023546f8702f44ea7b024830cb3163a298677f1aa3f0ce62846e9999f900d,100000000000000000,0x38324099c8f849554dDCc87E006e2E5c2564CCA2
17616412,0x860e0f106e76f7e5eca47296f45fe993eb0d909f5a714bcb12c940f0dfc98481,0,0x05CdB1526F6e224e02919a4C018D9784Ea25eb3d
17616412,0x12584188ba88632615a5cf3ff64f416237d819dd931d6eabb4a4e90f8ca82cae,12341518731379916,0x4c811540C70aBc337852355B9D5C6cf2E9891fD3
17616412,0xb622d2447b09a54d07ca00b8df7e29f7917b1a9c8eda80a542b804bc07f8a1ba,0,0xF2260AFA5bfdD7F6Aaf6521799423439731BA6F7
17616412,0xc763c22f5b51536cfc070b3adbc59947c261980b939aadd0d2b727878a575e43,30000000000000000,0x7672a2Cf4fD67FEC537776aa48EEB2Bf7ea60969
17616412,0x960ca57f1ff027fa33e8711a158b40d9f35afa00e08fad98650ed97f92a504d2,35045556137906350,0xB28EbdD23E18690f9365A7c4b1651eCe7Bdc13a8
17616412,0x7581cba188fa88ede3c356bbf6612a939d0ad58f7627f8051074c4b13c8b7ecc,70000000000000000,0x17d3c302d30Ac502Aa5dBCEc28A1847375B2d4B1
17616412,0x5426d1d9d4df2306870b762a82014e98ac51dfc0e0b999dcbcf73e989d3958cc,200000000000000000,0x8C2Bb6a6e736a422B0c6eF7Dc6b2304C46305F3b
17616412,0x2fa6a5f1d4fad503cb842f7b36abf060e7eb1c8c8a88f1dae8115c4f21ea515e,0,0x99032628Dd9a838C201294257d7fFe1cCf6e20fF
17616412,0x888319c2db3a6a007b1ceebd820b36541d9c3cee4dcc53c6ec2a8fc851a250c7,20000000000000000,0x0280636c37801dfc458Dd8d6e9e01E4f88Ac42D4
17616412,0xf0f529bec528a95367ab8aa6a1ed8de73745f04a515d7fbc1215ad8076e21c5d,23582333615845402,0x24B8768AB70152f54C2FaceDcA6E0194F1c1cB32
17616412,0x7d55b37e5c0890c9731b737440fbdc96fd273824d28181bee73c780f459f1ee4,37078362763024563,0x4838B106FCe9647Bdf1E7877BF73cE8B0BAD5f97
